RecordID,Season,Overall Seed,BlendScore,PredAssignedSeed
2020-21-MichiganSt.,2020-21,43.0,0.373,40.0
2020-21-Colgate,2020-21,57.0,0.5800000000000001,30.0
2020-21-Virginia,2020-21,16.0,0.8590000000000001,10.0
2020-21-EasternWash.,2020-21,58.0,0.15300000000000002,58.0
2020-21-GeorgiaTech,2020-21,34.0,0.376,39.0
2020-21-UConn,2020-21,26.0,0.598,27.0
2020-21-WestVirginia,2020-21,10.0,0.779,16.0
2020-21-Rutgers,2020-21,40.0,0.448,34.0
2020-21-BYU,2020-21,23.0,0.754,17.0
2020-21-NorthCarolina,2020-21,31.0,0.49300000000000005,32.0
2020-21-MoreheadSt.,2020-21,56.0,0.18,57.0
2020-21-OhioSt.,2020-21,6.0,0.8880000000000001,7.0
2020-21-OregonSt.,2020-21,46.0,0.21600000000000003,52.0
2020-21-Michigan,2020-21,4.0,0.981,3.0
2020-21-Hartford,2020-21,64.0,0.08700000000000001,62.0
2020-21-Georgetown,2020-21,47.0,0.312,45.0
2020-21-Creighton,2020-21,17.0,0.752,18.0
2020-21-NorfolkSt.,2020-21,67.0,0.036000000000000004,68.0
2020-21-Houston,2020-21,8.0,0.6799999999999999,20.0
2020-21-OralRoberts,2020-21,61.0,0.125,61.0
2020-21-Villanova,2020-21,18.0,0.8170000000000001,12.0
2020-21-Oregon,2020-21,25.0,0.47100000000000003,33.0
2020-21-Colorado,2020-21,20.0,0.6320000000000001,24.0
2020-21-Tennessee,2020-21,19.0,0.812,13.0
2020-21-Oklahoma,2020-21,32.0,0.44200000000000006,36.0
2020-21-St.Bonaventure,2020-21,37.0,0.597,28.0
2020-21-ClevelandSt.,2020-21,60.0,0.126,60.0
2020-21-Iowa,2020-21,7.0,0.9230000000000002,6.0
2020-21-Texas,2020-21,11.0,0.8320000000000001,11.0
2020-21-SanDiegoSt.,2020-21,24.0,0.5660000000000001,31.0
2020-21-VirginiaTech,2020-21,38.0,0.329,43.0
2020-21-AppState,2020-21,68.0,0.059000000000000004,66.0
2020-21-VCU,2020-21,39.0,0.34700000000000003,42.0
2020-21-Kansas,2020-21,12.0,0.8790000000000001,8.0
2020-21-Illinois,2020-21,3.0,0.9930000000000001,1.0
2020-21-LoyolaChicago,2020-21,30.0,0.647,23.0
2020-21-WichitaSt.,2020-21,45.0,0.29200000000000004,46.0
2020-21-TexasSouthern,2020-21,66.0,0.08,64.0
2020-21-FloridaSt.,2020-21,13.0,0.703,19.0
2020-21-Maryland,2020-21,36.0,0.38000000000000006,38.0
2020-21-LSU,2020-21,29.0,0.585,29.0
2020-21-NorthTexas,2020-21,52.0,0.20400000000000001,56.0
2020-21-UtahSt.,2020-21,42.0,0.24700000000000003,48.0
2020-21-Clemson,2020-21,27.0,0.42500000000000004,37.0
2020-21-Alabama,2020-21,5.0,0.953,4.0
2020-21-Gonzaga,2020-21,1.0,0.9500000000000001,5.0
2020-21-Iona,2020-21,62.0,0.054,67.0
2020-21-Drake,2020-21,48.0,0.253,47.0
2020-21-Missouri,2020-21,33.0,0.611,26.0
2020-21-Florida,2020-21,28.0,0.621,25.0
2021-22-Texas,2021-22,23.0,0.6686274509803922,22.0
2021-22-Longwood,2021-22,55.0,0.2068627450980392,56.0
2021-22-MontanaSt.,2021-22,58.0,0.27450980392156865,54.0
2021-22-Akron,2021-22,54.0,0.15098039215686274,62.0
2021-22-Michigan,2021-22,42.0,0.41764705882352937,42.0
2021-22-OhioSt.,2021-22,28.0,0.5901960784313726,29.0
2021-22-UCLA,2021-22,13.0,0.7823529411764706,15.0
2021-22-LoyolaChicago,2021-22,39.0,0.5333333333333333,30.0
2021-22-NorthCarolina,2021-22,30.0,0.4931372549019608,35.0
2021-22-Kansas,2021-22,3.0,0.9931372549019608,1.0
2021-22-UAB,2021-22,48.0,0.3303921568627451,48.0
2021-22-NewMexicoSt.,2021-22,50.0,0.30392156862745096,53.0
2021-22-Baylor,2021-22,4.0,0.9480392156862745,4.0
2021-22-Rutgers,2021-22,44.0,0.3529411764705883,46.0
2021-22-TexasSouthern,2021-22,67.0,0.023529411764705882,68.0
2021-22-UConn,2021-22,17.0,0.7352941176470589,18.0
2021-22-Villanova,2021-22,7.0,0.9088235294117648,7.0
2021-22-CalSt.Fullerton,2021-22,62.0,0.17647058823529416,59.0
2021-22-GeorgiaSt.,2021-22,63.0,0.09117647058823529,63.0
2021-22-LSU,2021-22,22.0,0.746078431372549,16.0
2021-22-SanDiegoSt.,2021-22,31.0,0.6009803921568627,27.0
2021-22-NorfolkSt.,2021-22,64.0,0.05098039215686275,67.0
2021-22-Arkansas,2021-22,16.0,0.7000000000000001,21.0
2021-22-SaintMary's(CA),2021-22,19.0,0.7029411764705883,19.0
2021-22-Providence,2021-22,15.0,0.7372549019607842,17.0
2021-22-SetonHall,2021-22,32.0,0.5245098039215688,32.0
2021-22-Tennessee,2021-22,10.0,0.9411764705882353,5.0
2021-22-A&M-CorpusChristi,2021-22,68.0,0.05196078431372549,66.0
2021-22-Auburn,2021-22,5.0,0.8833333333333333,8.0
2021-22-Wisconsin,2021-22,9.0,0.8009803921568628,13.0
2021-22-Indiana,2021-22,45.0,0.43725490196078437,39.0
2021-22-Duke,2021-22,8.0,0.8186274509803921,11.0
2021-22-Houston,2021-22,18.0,0.8529411764705883,10.0
2021-22-Bryant,2021-22,66.0,0.0803921568627451,64.0
2021-22-Colgate,2021-22,57.0,0.1627450980392157,60.0
2021-22-Alabama,2021-22,21.0,0.6117647058823529,24.0
2021-22-Purdue,2021-22,11.0,0.8647058823529412,9.0
2021-22-MichiganSt.,2021-22,27.0,0.5931372549019609,28.0
2021-22-BoiseSt.,2021-22,29.0,0.5274509803921569,31.0
2021-22-JacksonvilleSt.,2021-22,61.0,0.20294117647058826,57.0
2021-22-Vermont,2021-22,53.0,0.30686274509803924,50.0
2021-22-SaintPeter's,2021-22,60.0,0.15784313725490198,61.0
2021-22-Marquette,2021-22,35.0,0.44607843137254904,38.0
2021-22-Delaware,2021-22,59.0,0.23529411764705882,55.0
2021-22-VirginiaTech,2021-22,46.0,0.3980392156862745,44.0
2021-22-Yale,2021-22,56.0,0.1931372549019608,58.0
2021-22-Kentucky,2021-22,6.0,0.9323529411764707,6.0
2021-22-Gonzaga,2021-22,1.0,0.9666666666666667,3.0
2021-22-Miami(FL),2021-22,38.0,0.37254901960784315,45.0
2021-22-Memphis,2021-22,36.0,0.49313725490196075,36.0
2021-22-ColoradoSt.,2021-22,24.0,0.6245098039215687,23.0
2022-23-Illinois,2022-23,36.0,0.3521276595744681,41.0
2022-23-Duke,2022-23,18.0,0.7659574468085106,16.0
2022-23-Iona,2022-23,52.0,0.2,52.0
2022-23-Providence,2022-23,42.0,0.2797872340425532,46.0
2022-23-Arizona,2022-23,7.0,0.922340425531915,8.0
2022-23-Kentucky,2022-23,23.0,0.6436170212765957,23.0
2022-23-Vermont,2022-23,59.0,0.09787234042553193,62.0
2022-23-NorthernKy.,2022-23,63.0,0.06382978723404255,63.0
2022-23-KennesawSt.,2022-23,55.0,0.17553191489361702,57.0
2022-23-Memphis,2022-23,29.0,0.5255319148936171,32.0
2022-23-Maryland,2022-23,31.0,0.44255319148936173,35.0
2022-23-Gonzaga,2022-23,10.0,0.923404255319149,7.0
2022-23-Tennessee,2022-23,14.0,0.8585106382978724,11.0
2022-23-Creighton,2022-23,22.0,0.5329787234042553,31.0
2022-23-Pittsburgh,2022-23,44.0,0.23829787234042554,48.0
2022-23-UConn,2022-23,13.0,0.8606382978723406,10.0
2022-23-Princeton,2022-23,61.0,0.1425531914893617,59.0
2022-23-UtahSt.,2022-23,40.0,0.6053191489361702,26.0
2022-23-WestVirginia,2022-23,34.0,0.6361702127659575,24.0
2022-23-UNCAsheville,2022-23,62.0,0.11276595744680852,61.0
2022-23-IowaSt.,2022-23,21.0,0.7563829787234042,18.0
2022-23-TexasA&M,2022-23,25.0,0.7670212765957447,15.0
2022-23-Auburn,2022-23,35.0,0.49787234042553197,33.0
2022-23-Nevada,2022-23,46.0,0.37553191489361704,40.0
2022-23-Texas,2022-23,6.0,0.9446808510638299,6.0
2022-23-SaintMary's(CA),2022-23,19.0,0.7372340425531916,19.0
2022-23-GrandCanyon,2022-23,57.0,0.18085106382978722,55.0
2022-23-KansasSt.,2022-23,11.0,0.8053191489361702,14.0
2022-23-Iowa,2022-23,32.0,0.38191489361702136,38.0
2022-23-Marquette,2022-23,8.0,0.8063829787234043,13.0
2022-23-UCLA,2022-23,5.0,0.9457446808510639,5.0
2022-23-Indiana,2022-23,15.0,0.5372340425531915,29.0
2022-23-FDU,2022-23,68.0,0.021276595744680854,68.0
2022-23-NCState,2022-23,41.0,0.28085106382978725,45.0
2022-23-ArizonaSt.,2022-23,45.0,0.2946808510638298,44.0
2022-23-Fla.Atlantic,2022-23,33.0,0.6755319148936171,22.0
2022-23-OralRoberts,2022-23,48.0,0.30638297872340425,42.0
2022-23-BoiseSt.,2022-23,37.0,0.4180851063829788,36.0
2022-23-Missouri,2022-23,27.0,0.4776595744680851,34.0
2022-23-Virginia,2022-23,16.0,0.6765957446808512,21.0
2022-23-Purdue,2022-23,4.0,0.9776595744680852,2.0
2022-23-Houston,2022-23,2.0,0.9670212765957448,4.0
2022-23-Colgate,2022-23,60.0,0.13297872340425532,60.0
2022-23-Howard,2022-23,64.0,0.04255319148936171,64.0
2022-23-PennSt.,2022-23,38.0,0.40638297872340423,37.0
2022-23-MichiganSt.,2022-23,26.0,0.5851063829787235,27.0
2022-23-TCU,2022-23,24.0,0.6212765957446809,25.0
2023-24-Nevada,2023-24,37.0,0.5382978723404256,31.0
2023-24-SaintMary's(CA),2023-24,20.0,0.7191489361702128,17.0
2023-24-McNeese,2023-24,49.0,0.27553191489361706,49.0
2023-24-Vermont,2023-24,51.0,0.15851063829787235,54.0
2023-24-Duke,2023-24,13.0,0.7904255319148936,14.0
2023-24-BoiseSt.,2023-24,38.0,0.6425531914893617,23.0
2023-24-Dayton,2023-24,28.0,0.5957446808510638,27.0
2023-24-MississippiSt.,2023-24,32.0,0.4351063829787234,38.0
2023-24-IowaSt.,2023-24,8.0,0.9372340425531915,5.0
2023-24-Arizona,2023-24,6.0,0.9191489361702129,6.0
2023-24-Drake,2023-24,40.0,0.2968085106382979,46.0
2023-24-Howard,2023-24,67.0,0.035106382978723406,67.0
2023-24-Samford,2023-24,53.0,0.28297872340425534,48.0
2023-24-Colgate,2023-24,58.0,0.10319148936170214,64.0
2023-24-Yale,2023-24,52.0,0.15638297872340426,55.0
2023-24-Gonzaga,2023-24,21.0,0.6382978723404256,25.0
2023-24-NorthCarolina,2023-24,4.0,0.8882978723404256,8.0
2023-24-Kentucky,2023-24,11.0,0.7000000000000001,20.0
2023-24-Colorado,2023-24,39.0,0.5925531914893617,28.0
2023-24-SanDiegoSt.,2023-24,18.0,0.5691489361702128,29.0
2023-24-Duquesne,2023-24,46.0,0.2531914893617021,51.0
2023-24-Kansas,2023-24,14.0,0.774468085106383,15.0
2023-24-Tennessee,2023-24,5.0,0.946808510638298,4.0
2023-24-Creighton,2023-24,10.0,0.8542553191489363,11.0
2023-24-UAB,2023-24,50.0,0.274468085106383,50.0
2023-24-Col.ofCharleston,2023-24,54.0,0.21276595744680854,52.0
2023-24-MichiganSt.,2023-24,33.0,0.4404255319148937,37.0
2023-24-UtahSt.,2023-24,30.0,0.44574468085106383,34.0
2023-24-Oakland,2023-24,55.0,0.12234042553191489,56.0
2023-24-Fla.Atlantic,2023-24,31.0,0.44468085106382976,35.0
2023-24-BYU,2023-24,17.0,0.8106382978723404,13.0
2023-24-Wagner,2023-24,68.0,0.02872340425531915,68.0
2023-24-Purdue,2023-24,3.0,0.9861702127659574,3.0
2023-24-Grambling,2023-24,66.0,0.11595744680851064,58.0
2023-24-Stetson,2023-24,64.0,0.06382978723404255,66.0
2023-24-Texas,2023-24,27.0,0.4702127659574468,33.0
2023-24-Akron,2023-24,56.0,0.17340425531914894,53.0
2023-24-TexasA&M,2023-24,34.0,0.42978723404255326,39.0
2023-24-Illinois,2023-24,12.0,0.8606382978723406,10.0
2023-24-ColoradoSt.,2023-24,44.0,0.5585106382978724,30.0
2023-24-Florida,2023-24,25.0,0.6744680851063831,21.0
2023-24-JamesMadison,2023-24,48.0,0.34042553191489366,44.0
2023-24-TCU,2023-24,35.0,0.4042553191489362,40.0
2023-24-TexasTech,2023-24,23.0,0.7031914893617022,18.0
2023-24-Auburn,2023-24,15.0,0.8382978723404256,12.0
2023-24-Houston,2023-24,2.0,0.9893617021276596,2.0
2023-24-Nebraska,2023-24,29.0,0.5085106382978724,32.0
2024-25-MississippiSt.,2024-25,32.0,0.5592592592592593,31.0
2024-25-Missouri,2024-25,23.0,0.65,30.0
2024-25-McNeese,2024-25,49.0,0.26851851851851855,48.0
2024-25-Arkansas,2024-25,37.0,0.4175925925925926,39.0
2024-25-Drake,2024-25,44.0,0.26296296296296295,49.0
2024-25-Duke,2024-25,2.0,0.9333333333333335,6.0
2024-25-American,2024-25,65.0,0.06111111111111111,64.0
2024-25-UNCW,2024-25,57.0,0.1814814814814815,55.0
2024-25-Maryland,2024-25,15.0,0.8592592592592593,9.0
2024-25-Marquette,2024-25,26.0,0.7064814814814816,23.0
2024-25-Oklahoma,2024-25,36.0,0.4648148148148148,36.0
2024-25-Michigan,2024-25,17.0,0.7490740740740741,17.0
2024-25-VCU,2024-25,45.0,0.37222222222222223,42.0
2024-25-Akron,2024-25,53.0,0.21203703703703702,53.0
2024-25-Alabama,2024-25,6.0,0.962962962962963,4.0
2024-25-Florida,2024-25,4.0,1.0,2.0
2024-25-ColoradoSt.,2024-25,48.0,0.3416666666666667,45.0
2024-25-SaintFrancis,2024-25,68.0,0.08148148148148147,63.0
2024-25-Illinois,2024-25,22.0,0.750925925925926,16.0
2024-25-Gonzaga,2024-25,30.0,0.6962962962962963,24.0
2024-25-Bryant,2024-25,62.0,0.08518518518518518,62.0
2024-25-TexasA&M,2024-25,13.0,0.837037037037037,13.0
2024-25-BYU,2024-25,21.0,0.6675925925925926,28.0
2024-25-Kansas,2024-25,28.0,0.7212962962962963,21.0
2024-25-Purdue,2024-25,14.0,0.6592592592592593,29.0
2024-25-UConn,2024-25,31.0,0.5462962962962964,32.0
2024-25-UtahSt.,2024-25,40.0,0.45462962962962966,38.0
2024-25-Liberty,2024-25,50.0,0.22222222222222227,52.0
2024-25-TexasTech,2024-25,9.0,0.8953703703703704,8.0
2024-25-MichiganSt.,2024-25,7.0,0.9120370370370372,7.0
2024-25-HighPoint,2024-25,52.0,0.23055555555555557,50.0
2024-25-NorfolkSt.,2024-25,63.0,0.045370370370370366,65.0
2024-25-Louisville,2024-25,29.0,0.7611111111111113,15.0
2024-25-Creighton,2024-25,33.0,0.5351851851851852,33.0
2024-25-Texas,2024-25,41.0,0.4120370370370371,40.0
2024-25-Arizona,2024-25,16.0,0.8314814814814816,14.0
2024-25-Houston,2024-25,3.0,0.9638888888888889,3.0
2024-25-Baylor,2024-25,35.0,0.4981481481481482,35.0
2024-25-Lipscomb,2024-25,55.0,0.16296296296296298,56.0
2024-25-Xavier,2024-25,42.0,0.35555555555555557,43.0
2024-25-Omaha,2024-25,61.0,0.09166666666666667,61.0
2024-25-St.John's(NY),2024-25,8.0,0.7111111111111112,22.0
2024-25-NorthCarolina,2024-25,46.0,0.35000000000000003,44.0
2024-25-Oregon,2024-25,19.0,0.6907407407407408,25.0
2024-25-Montana,2024-25,58.0,0.12592592592592594,58.0
2024-25-SanDiegoSt.,2024-25,43.0,0.31666666666666665,46.0
2024-25-NewMexico,2024-25,38.0,0.45740740740740743,37.0
2024-25-UCLA,2024-25,25.0,0.6833333333333333,26.0
2024-25-Tennessee,2024-25,5.0,0.9435185185185186,5.0
2024-25-Troy,2024-25,56.0,0.16296296296296295,57.0
2024-25-SIUE,2024-25,64.0,0.02777777777777778,68.0
2024-25-Vanderbilt,2024-25,39.0,0.37777777777777777,41.0
2024-25-Georgia,2024-25,34.0,0.5037037037037038,34.0
2024-25-OleMiss,2024-25,24.0,0.7287037037037037,19.0
