RecordID,Season,Team,Conference,NET Rank,BaseScore,BandScore,PUScore,FinalScore,RankOrder,PredictedSeed,q1_quality_score,q2_quality_score,q3_risk_score,q4_risk_score,quality_win_score,ridge_score
2025-26-Coastal Carolina,2025-26,Coastal Carolina,Sun Belt,229,1.0597797702064113,0.0,0.0,1.0597797702064113,215,0,-0.5,5.0,-6.0,-22.0,9.0,1.0597797702064113
2025-26-Washington St.,2025-26,Washington St.,WCC,145,8.559298938734855,0.0,0.0,8.559298938734855,145,0,-2.0,-7.0,-6.0,-4.5,4.0,8.559298938734855
2025-26-Nicholls,2025-26,Nicholls,Southland,250,-0.9899820855217953,0.0,0.0,-0.9899820855217953,237,0,-1.5,-2.0,-10.5,-19.0,4.5,-0.9899820855217953
2025-26-FGCU,2025-26,FGCU,ASUN,247,-3.369075689734956,0.0,0.0,-3.369075689734956,264,0,-1.5,0.0,-15.5,-26.0,2.0,-3.369075689734956
2025-26-Eastern Mich.,2025-26,Eastern Mich.,MAC,238,-3.828232243325239,0.0,0.0,-3.828232243325239,273,0,3.5,-6.0,-16.5,-20.5,5.0,-3.828232243325239
2025-26-Florida,2025-26,Florida,SEC,4,60.14974732524611,0.0,0.0,60.14974732524611,5,5,51.0,17.0,3.0,2.5,64.0,60.14974732524611
2025-26-Tulsa,2025-26,Tulsa,American,52,21.650174983070034,0.0,0.0,21.650174983070034,83,0,-1.0,9.0,3.0,6.0,18.0,21.650174983070034
2025-26-Louisville,2025-26,Louisville,ACC,16,55.47641715864032,0.0,0.0,55.47641715864032,10,10,31.0,12.0,4.0,3.5,46.0,55.47641715864032
2025-26-North Dakota,2025-26,North Dakota,Summit League,271,-1.0882386546888867,0.0,0.0,-1.0882386546888867,238,0,-1.0,0.0,-10.5,-22.0,4.5,-1.0882386546888867
2025-26-UTRGV,2025-26,UTRGV,Southland,126,9.840320037576038,0.0,0.0,9.840320037576038,134,0,-2.0,1.0,-3.0,-17.0,4.5,9.840320037576038
2025-26-UAlbany,2025-26,UAlbany,America East,326,-14.775439015805247,0.0,0.0,-14.775439015805247,365,0,0.0,-4.0,-19.0,-32.5,1.0,-14.775439015805247
2025-26-Baylor,2025-26,Baylor,Big 12,50,35.00859752150864,0.0,0.0,35.00859752150864,43,43,12.0,5.0,3.0,2.5,26.5,35.00859752150864
2025-26-Montana,2025-26,Montana,Big Sky,194,3.354813884688596,0.0,0.0,3.354813884688596,189,0,-1.5,2.0,-10.5,-12.5,9.5,3.354813884688596
2025-26-Eastern Wash.,2025-26,Eastern Wash.,Big Sky,204,-4.23073917974579,0.0,0.0,-4.23073917974579,277,0,-1.0,0.0,-25.5,-4.0,6.5,-4.23073917974579
2025-26-Colorado St.,2025-26,Colorado St.,Mountain West,87,20.7538210340286,0.0,0.0,20.7538210340286,88,0,11.0,4.0,2.5,0.5,24.5,20.7538210340286
2025-26-UT Martin,2025-26,UT Martin,OVC,205,1.9271053154473208,0.0,0.0,1.9271053154473208,205,0,-0.5,5.0,-7.5,-15.5,5.0,1.9271053154473208
2025-26-Xavier,2025-26,Xavier,Big East,97,23.349210625761586,0.0,0.0,23.349210625761586,78,0,-4.5,4.0,2.5,3.0,15.0,23.349210625761586
2025-26-Omaha,2025-26,Omaha,Summit League,258,-6.309322946335691,0.0,0.0,-6.309322946335691,304,0,0.0,-5.0,-13.0,-19.0,2.0,-6.309322946335691
2025-26-Sacred Heart,2025-26,Sacred Heart,MAAC,293,-8.91142653444438,0.0,0.0,-8.91142653444438,336,0,-0.5,-1.0,-15.5,-34.5,2.0,-8.91142653444438
2025-26-Coppin St.,2025-26,Coppin St.,MEAC,363,-9.991093679076485,0.0,0.0,-9.991093679076485,347,0,-1.5,-3.0,-12.5,-47.0,0.0,-9.991093679076485
2025-26-UAB,2025-26,UAB,American,118,10.172540806333508,0.0,0.0,10.172540806333508,131,0,8.5,0.0,-8.0,-3.5,17.5,10.172540806333508
2025-26-California Baptist,2025-26,California Baptist,WAC,98,15.698197962670495,0.0,0.0,15.698197962670495,110,0,-0.5,2.0,-2.5,6.5,10.0,15.698197962670495
2025-26-New Mexico,2025-26,New Mexico,Mountain West,46,28.386246334635814,0.0,0.0,28.386246334635814,62,62,5.5,17.0,-1.0,5.0,27.0,28.386246334635814
2025-26-UC Irvine,2025-26,UC Irvine,Big West,117,8.652519329005735,0.0,0.0,8.652519329005735,144,0,0.0,-1.0,-11.5,6.5,8.5,8.652519329005735
2025-26-Saint Mary's (CA),2025-26,Saint Mary's (CA),WCC,22,41.00070464378958,0.0,0.0,41.00070464378958,27,27,2.5,23.0,8.240000000000009,3.5,34.0,41.00070464378958
2025-26-Northeastern,2025-26,Northeastern,CAA,286,-9.805343805826723,0.0,0.0,-9.805343805826723,346,0,-0.5,-3.0,-22.0,-38.0,3.0,-9.805343805826723
2025-26-Tulane,2025-26,Tulane,American,207,7.64021193006176,0.0,0.0,7.64021193006176,150,0,-1.0,1.0,-12.5,1.0,10.0,7.64021193006176
2025-26-Iowa St.,2025-26,Iowa St.,Big 12,7,59.72261837791212,0.0,0.0,59.72261837791212,6,6,32.5,24.0,2.0,3.5,59.0,59.72261837791212
2025-26-Duke,2025-26,Duke,ACC,1,60.63930082897904,0.0,0.0,60.63930082897904,4,4,57.0,18.0,2.0,3.5,64.0,60.63930082897904
2025-26-Rider,2025-26,Rider,MAAC,357,-6.605077333550476,0.0,0.0,-6.605077333550476,307,0,-2.0,-1.0,-17.5,-47.0,0.0,-6.605077333550476
2025-26-Elon,2025-26,Elon,CAA,223,-2.83364316694594,0.0,0.0,-2.83364316694594,258,0,-1.0,5.0,-15.5,-28.0,7.0,-2.83364316694594
2025-26-Cal St. Fullerton,2025-26,Cal St. Fullerton,Big West,177,3.790974251049228,0.0,0.0,3.790974251049228,182,0,-1.5,0.0,-14.0,-3.5,8.5,3.790974251049228
2025-26-NIU,2025-26,NIU,MAC,335,-3.9213410188357187,0.0,0.0,-3.9213410188357187,274,0,-2.5,-2.0,-19.0,-21.0,1.0,-3.9213410188357187
2025-26-Colorado,2025-26,Colorado,Big 12,77,29.865391426779592,0.0,0.0,29.865391426779592,56,56,-0.5,11.0,4.5,2.0,23.5,29.865391426779592
2025-26-San Jose St.,2025-26,San Jose St.,Mountain West,244,6.108855065085617,0.0,0.0,6.108855065085617,164,0,-3.5,-4.0,-17.5,3.0,5.0,6.108855065085617
2025-26-Penn St.,2025-26,Penn St.,Big Ten,141,17.537312100684964,0.0,0.0,17.537312100684964,96,0,3.5,-5.0,-7.0,3.5,11.0,17.537312100684964
2025-26-CSU Bakersfield,2025-26,CSU Bakersfield,Big West,330,-7.116741888371273,0.0,0.0,-7.116741888371273,315,0,-1.0,-4.0,-22.0,-30.5,3.0,-7.116741888371273
2025-26-Maryland,2025-26,Maryland,Big Ten,138,24.977223321823743,0.0,0.0,24.977223321823743,71,0,-3.0,6.0,-4.5,2.5,14.5,24.977223321823743
2025-26-Miami (OH),2025-26,Miami (OH),MAC,64,17.4852155270968,0.0,0.0,17.4852155270968,97,0,0.0,9.0,8.240000000000009,3.5,17.5,17.4852155270968
2025-26-Winthrop,2025-26,Winthrop,Big South,131,11.127186411382844,0.0,0.0,11.127186411382844,127,0,-1.5,-3.0,1.5,-8.0,4.0,11.127186411382844
2025-26-Vanderbilt,2025-26,Vanderbilt,SEC,13,55.14491149003556,0.0,0.0,55.14491149003556,11,11,42.0,20.0,3.0,3.0,60.5,55.14491149003556
2025-26-Holy Cross,2025-26,Holy Cross,Patriot,331,-10.771565011837808,0.0,0.0,-10.771565011837808,351,0,-0.5,-2.0,-9.0,-47.0,1.0,-10.771565011837808
2025-26-Rutgers,2025-26,Rutgers,Big Ten,135,18.968770454825474,0.0,0.0,18.968770454825474,93,0,-4.74,1.0,7.0,-1.5,12.0,18.968770454825474
2025-26-Lipscomb,2025-26,Lipscomb,ASUN,193,5.570078947474382,0.0,0.0,5.570078947474382,171,0,-2.0,0.0,-8.0,-12.5,2.0,5.570078947474382
2025-26-California,2025-26,California,ACC,68,29.18176180008521,0.0,0.0,29.18176180008521,58,58,15.0,2.0,3.5,4.0,27.0,29.18176180008521
2025-26-Purdue,2025-26,Purdue,Big Ten,9,56.23127854243326,0.0,0.0,56.23127854243326,9,9,41.0,18.0,7.0,1.5,62.0,56.23127854243326
2025-26-Kentucky,2025-26,Kentucky,SEC,28,42.613107975654685,0.0,0.0,42.613107975654685,25,25,17.0,19.0,3.0,3.0,40.5,42.613107975654685
2025-26-Duquesne,2025-26,Duquesne,Atlantic 10,133,13.389922533857135,0.0,0.0,13.389922533857135,118,0,-3.5,3.0,-5.0,0.5,10.0,13.389922533857135
2025-26-BYU,2025-26,BYU,Big 12,23,50.81228601894149,0.0,0.0,50.81228601894149,18,18,26.5,23.0,3.0,2.5,51.0,50.81228601894149
2025-26-Marshall,2025-26,Marshall,Sun Belt,171,5.989591847139987,0.0,0.0,5.989591847139987,165,0,-0.5,0.0,-4.0,-14.5,8.5,5.989591847139987
2025-26-Tennessee,2025-26,Tennessee,SEC,20,50.16188596937744,0.0,0.0,50.16188596937744,21,21,22.0,17.0,3.0,3.5,42.0,50.16188596937744
2025-26-Queens (NC),2025-26,Queens (NC),ASUN,189,9.606011793951325,0.0,0.0,9.606011793951325,137,0,-2.5,-1.0,-5.5,-7.0,2.0,9.606011793951325
2025-26-IU Indy,2025-26,IU Indy,Horizon,319,-9.074545893185011,0.0,0.0,-9.074545893185011,338,0,-1.0,-2.0,-12.0,-47.0,3.0,-9.074545893185011
2025-26-ULM,2025-26,ULM,Sun Belt,355,-10.313909609657301,0.0,0.0,-10.313909609657301,349,0,-0.5,-4.0,-22.5,-47.0,0.0,-10.313909609657301
2025-26-Providence,2025-26,Providence,Big East,81,22.90028954806952,0.0,0.0,22.90028954806952,80,0,0.5,1.0,2.0,2.0,18.5,22.90028954806952
2025-26-Memphis,2025-26,Memphis,American,134,12.424313502682185,0.0,0.0,12.424313502682185,120,0,-3.5,0.0,-2.5,-9.0,10.0,12.424313502682185
2025-26-Southern Ill.,2025-26,Southern Ill.,MVC,120,5.950623482516761,0.0,0.0,5.950623482516761,166,0,8.5,3.0,-17.0,-0.5,18.5,5.950623482516761
2025-26-Col. of Charleston,2025-26,Col. of Charleston,CAA,162,9.129883178849994,0.0,0.0,9.129883178849994,140,0,-0.5,3.0,-11.0,3.0,9.0,9.129883178849994
2025-26-Liberty,2025-26,Liberty,CUSA,106,14.308587834561955,0.0,0.0,14.308587834561955,113,0,4.0,3.0,-1.0,-2.5,15.5,14.308587834561955
2025-26-Bradley,2025-26,Bradley,MVC,113,11.68590281406069,0.0,0.0,11.68590281406069,123,0,-1.0,4.0,-1.0,0.0,16.5,11.68590281406069
2025-26-Oakland,2025-26,Oakland,Horizon,175,2.5351453574810705,0.0,0.0,2.5351453574810705,196,0,-3.0,-1.0,-0.5,-20.0,7.0,2.5351453574810705
2025-26-Central Conn. St.,2025-26,Central Conn. St.,NEC,289,-3.54611300242788,0.0,0.0,-3.54611300242788,269,0,-0.5,3.0,-6.5,-25.0,3.5,-3.54611300242788
2025-26-Syracuse,2025-26,Syracuse,ACC,86,28.238104389201382,0.0,0.0,28.238104389201382,63,63,-1.0,9.0,-4.5,3.5,17.0,28.238104389201382
2025-26-UC Riverside,2025-26,UC Riverside,Big West,273,-2.790621349772742,0.0,0.0,-2.790621349772742,257,0,-1.5,-5.0,-20.5,-17.0,2.0,-2.790621349772742
2025-26-Florida St.,2025-26,Florida St.,ACC,62,28.89418709086141,0.0,0.0,28.89418709086141,59,59,9.0,13.0,2.0,-0.5,29.0,28.89418709086141
2025-26-Southern California,2025-26,Southern California,Big Ten,79,28.59587848525856,0.0,0.0,28.59587848525856,61,61,0.0,17.0,3.5,1.5,27.5,28.59587848525856
2025-26-Howard,2025-26,Howard,MEAC,203,4.906428630692517,0.0,0.0,4.906428630692517,175,0,-1.0,1.0,1.0,-15.5,3.5,4.906428630692517
2025-26-UMES,2025-26,UMES,MEAC,351,-5.339056926775349,0.0,0.0,-5.339056926775349,295,0,-2.5,-1.0,-5.0,-47.0,0.0,-5.339056926775349
2025-26-North Dakota St.,2025-26,North Dakota St.,Summit League,114,10.373807632048116,0.0,0.0,10.373807632048116,130,0,0.0,-1.0,-5.0,1.5,5.0,10.373807632048116
2025-26-Washington,2025-26,Washington,Big Ten,57,26.766800786604847,0.0,0.0,26.766800786604847,67,67,3.5,8.0,0.0,2.5,23.0,26.766800786604847
2025-26-Fordham,2025-26,Fordham,Atlantic 10,174,6.216631135664727,0.0,0.0,6.216631135664727,163,0,-1.5,3.0,-6.0,-16.0,9.0,6.216631135664727
2025-26-LMU (CA),2025-26,LMU (CA),WCC,179,7.088197092010297,0.0,0.0,7.088197092010297,153,0,-2.0,0.0,-6.5,-16.5,8.5,7.088197092010297
2025-26-Saint Louis,2025-26,Saint Louis,Atlantic 10,30,30.50492188493913,0.0,0.0,30.50492188493913,53,53,8.5,15.0,3.5,6.5,29.0,30.50492188493913
2025-26-Chattanooga,2025-26,Chattanooga,SoCon,288,-6.959522556538495,0.0,0.0,-6.959522556538495,311,0,-1.0,-1.0,-8.0,-44.0,2.0,-6.959522556538495
2025-26-VCU,2025-26,VCU,Atlantic 10,43,33.30450776370316,0.0,0.0,33.30450776370316,44,44,6.5,10.0,8.240000000000009,5.5,27.0,33.30450776370316
2025-26-Illinois St.,2025-26,Illinois St.,MVC,95,11.697612032204184,0.0,0.0,11.697612032204184,122,0,3.5,8.0,-5.5,-0.5,21.0,11.697612032204184
2025-26-New Orleans,2025-26,New Orleans,Southland,215,0.5009150092168326,0.0,0.0,0.5009150092168326,220,0,3.0,2.0,-11.5,-18.5,10.0,0.5009150092168326
2025-26-Northwestern,2025-26,Northwestern,Big Ten,66,25.75826849297864,0.0,0.0,25.75826849297864,69,0,2.5,1.0,3.5,2.5,19.0,25.75826849297864
2025-26-Temple,2025-26,Temple,American,167,4.311839840934454,0.0,0.0,4.311839840934454,177,0,-1.5,4.0,-20.5,-2.5,7.0,4.311839840934454
2025-26-Manhattan,2025-26,Manhattan,MAAC,329,-10.227131387921439,0.0,0.0,-10.227131387921439,348,0,-0.5,-2.0,-16.5,-35.0,1.0,-10.227131387921439
2025-26-UConn,2025-26,UConn,Big East,10,50.432611928359606,0.0,0.0,50.432611928359606,19,19,30.0,24.0,3.5,2.5,61.5,50.432611928359606
2025-26-Davidson,2025-26,Davidson,Atlantic 10,115,17.45595193665624,0.0,0.0,17.45595193665624,98,0,-2.5,7.0,-6.5,0.5,13.5,17.45595193665624
2025-26-UCF,2025-26,UCF,Big 12,51,36.82461679660678,0.0,0.0,36.82461679660678,39,39,18.5,15.0,4.0,3.0,39.0,36.82461679660678
2025-26-Merrimack,2025-26,Merrimack,MAAC,180,5.898352459496394,0.0,0.0,5.898352459496394,167,0,-1.0,-1.0,-11.0,1.5,4.0,5.898352459496394
2025-26-Bellarmine,2025-26,Bellarmine,ASUN,285,-4.134883624685237,0.0,0.0,-4.134883624685237,275,0,-1.0,-3.0,-12.5,-30.5,0.0,-4.134883624685237
2025-26-Stetson,2025-26,Stetson,ASUN,314,-7.051660020199655,0.0,0.0,-7.051660020199655,313,0,-1.5,-1.0,-20.0,-31.0,0.0,-7.051660020199655
2025-26-Michigan,2025-26,Michigan,Big Ten,2,60.70414776033153,0.0,0.0,60.70414776033153,3,3,57.0,18.0,6.0,1.5,64.0,60.70414776033153
2025-26-Murray St.,2025-26,Murray St.,MVC,105,15.969295853213413,0.0,0.0,15.969295853213413,108,0,-1.5,7.0,-4.0,5.0,16.0,15.969295853213413
2025-26-Virginia,2025-26,Virginia,ACC,12,54.57694552843844,0.0,0.0,54.57694552843844,12,12,34.0,24.0,5.0,3.5,59.5,54.57694552843844
2025-26-UMass Lowell,2025-26,UMass Lowell,America East,321,-8.870998243428758,0.0,0.0,-8.870998243428758,335,0,-1.5,-1.0,-17.5,-22.0,0.0,-8.870998243428758
2025-26-Lindenwood,2025-26,Lindenwood,OVC,262,0.5461060006983587,0.0,0.0,0.5461060006983587,219,0,-1.5,0.0,-6.5,-29.0,1.0,0.5461060006983587
2025-26-Mississippi Val.,2025-26,Mississippi Val.,SWAC,365,-7.139400139431878,0.0,0.0,-7.139400139431878,316,0,-2.0,-4.0,-2.5,-47.0,0.0,-7.139400139431878
2025-26-Cornell,2025-26,Cornell,Ivy League,149,3.647583678469264,0.0,0.0,3.647583678469264,187,0,-1.0,0.0,-13.0,-3.0,4.5,3.647583678469264
2025-26-A&M-Corpus Christi,2025-26,A&M-Corpus Christi,Southland,191,3.1862029406941375,0.0,0.0,3.1862029406941375,191,0,-2.0,-1.0,-10.0,-5.5,2.5,3.1862029406941375
2025-26-Akron,2025-26,Akron,MAC,54,21.21627394793558,0.0,0.0,21.21627394793558,86,0,-1.0,-2.0,8.240000000000009,6.5,11.0,21.21627394793558
2025-26-Wagner,2025-26,Wagner,NEC,302,-8.800143464929612,0.0,0.0,-8.800143464929612,334,0,-1.0,-1.0,-12.5,-30.5,0.0,-8.800143464929612
2025-26-Mercyhurst,2025-26,Mercyhurst,NEC,277,-3.1057192918858547,0.0,0.0,-3.1057192918858547,262,0,-1.5,-2.0,-7.5,-28.5,0.0,-3.1057192918858547
2025-26-UNLV,2025-26,UNLV,Mountain West,111,14.105633068088824,0.0,0.0,14.105633068088824,115,0,15.5,11.0,-8.0,-9.5,30.5,14.105633068088824
2025-26-Colgate,2025-26,Colgate,Patriot,226,2.26375087867185,0.0,0.0,2.26375087867185,201,0,-1.5,0.0,-10.5,-21.0,2.0,2.26375087867185
2025-26-Texas Tech,2025-26,Texas Tech,Big 12,19,51.40774161518648,0.0,0.0,51.40774161518648,16,16,27.0,14.0,7.0,1.5,47.5,51.40774161518648
2025-26-UTEP,2025-26,UTEP,CUSA,268,-6.921519003161698,0.0,0.0,-6.921519003161698,310,0,-0.5,-4.0,-22.0,-17.5,3.0,-6.921519003161698
2025-26-Oregon St.,2025-26,Oregon St.,WCC,170,11.514778842217577,0.0,0.0,11.514778842217577,124,0,2.5,-1.0,-2.5,-9.5,16.5,11.514778842217577
2025-26-NC State,2025-26,NC State,ACC,36,37.44422841209994,0.0,0.0,37.44422841209994,37,37,18.5,14.0,5.0,-2.0,40.0,37.44422841209994
2025-26-Iowa,2025-26,Iowa,Big Ten,27,38.85658819577425,0.0,0.0,38.85658819577425,31,31,13.5,14.0,1.0,3.0,34.5,38.85658819577425
2025-26-Green Bay,2025-26,Green Bay,Horizon,217,2.578407943768717,0.0,0.0,2.578407943768717,195,0,-0.5,-4.0,-13.5,-6.0,4.0,2.578407943768717
2025-26-Alabama,2025-26,Alabama,SEC,18,45.9384634131893,0.0,0.0,45.9384634131893,24,24,28.0,24.0,5.0,1.0,55.5,45.9384634131893
2025-26-Texas St.,2025-26,Texas St.,Sun Belt,235,-1.857484043490281,0.0,0.0,-1.857484043490281,246,0,0.0,-1.0,-17.0,-9.0,3.0,-1.857484043490281
2025-26-LSU,2025-26,LSU,SEC,78,26.85585176164091,0.0,0.0,26.85585176164091,66,66,-1.5,6.0,-2.0,4.0,14.5,26.85585176164091
2025-26-CSUN,2025-26,CSUN,Big West,188,3.9906272121867055,0.0,0.0,3.9906272121867055,180,0,-1.0,0.0,-4.5,-11.5,10.5,3.9906272121867055
2025-26-Hampton,2025-26,Hampton,CAA,270,-7.564365353379394,0.0,0.0,-7.564365353379394,320,0,-0.5,-3.0,-18.0,-23.5,2.0,-7.564365353379394
2025-26-North Texas,2025-26,North Texas,American,137,12.333724271411459,0.0,0.0,12.333724271411459,121,0,-2.0,2.0,-1.5,-7.5,11.0,12.333724271411459
2025-26-Sam Houston,2025-26,Sam Houston,CUSA,107,10.155613996615454,0.0,0.0,10.155613996615454,132,0,-1.0,-2.0,-5.0,0.5,10.0,10.155613996615454
2025-26-UC Davis,2025-26,UC Davis,Big West,178,1.1370117117578218,0.0,0.0,1.1370117117578218,213,0,4.5,-5.0,-14.0,1.0,10.0,1.1370117117578218
2025-26-N.C. Central,2025-26,N.C. Central,MEAC,342,-4.654039708149604,0.0,0.0,-4.654039708149604,281,0,-2.5,0.0,-10.0,-31.0,0.0,-4.654039708149604
2025-26-Air Force,2025-26,Air Force,Mountain West,350,-0.4034381313219271,0.0,0.0,-0.4034381313219271,231,0,-3.5,-7.0,-20.0,-18.5,0.0,-0.4034381313219271
2025-26-Morgan St.,2025-26,Morgan St.,MEAC,352,-8.20287117601955,0.0,0.0,-8.20287117601955,331,0,-0.5,-3.0,-1.5,-39.0,1.0,-8.20287117601955
2025-26-Cincinnati,2025-26,Cincinnati,Big 12,49,32.27844577227885,0.0,0.0,32.27844577227885,50,50,8.0,12.0,3.0,-0.5,27.5,32.27844577227885
2025-26-Tennessee St.,2025-26,Tennessee St.,OVC,172,9.779053123152124,0.0,0.0,9.779053123152124,135,0,-1.0,3.0,0.5,-16.0,5.5,9.779053123152124
2025-26-Quinnipiac,2025-26,Quinnipiac,MAAC,211,3.6521815963426647,0.0,0.0,3.6521815963426647,186,0,-1.0,1.0,-3.5,-17.5,6.5,3.6521815963426647
2025-26-Little Rock,2025-26,Little Rock,OVC,309,-10.460538978630737,0.0,0.0,-10.460538978630737,350,0,-0.5,-3.0,-15.0,-35.0,0.0,-10.460538978630737
2025-26-Wisconsin,2025-26,Wisconsin,Big Ten,25,46.94389878261436,0.0,0.0,46.94389878261436,23,23,32.0,14.0,2.5,3.0,49.5,46.94389878261436
2025-26-Long Beach St.,2025-26,Long Beach St.,Big West,257,-5.797586982753849,0.0,0.0,-5.797586982753849,301,0,-1.0,0.0,-25.5,-17.0,3.5,-5.797586982753849
2025-26-Minnesota,2025-26,Minnesota,Big Ten,80,23.700329741653043,0.0,0.0,23.700329741653043,77,0,8.0,11.0,-11.5,3.5,23.0,23.700329741653043
2025-26-Samford,2025-26,Samford,SoCon,218,-0.5685021400747488,0.0,0.0,-0.5685021400747488,232,0,-1.0,-1.0,-11.0,-14.0,4.0,-0.5685021400747488
2025-26-Houston Christian,2025-26,Houston Christian,Southland,294,-6.974685993182909,0.0,0.0,-6.974685993182909,312,0,-1.0,-4.0,-11.5,-31.5,1.0,-6.974685993182909
2025-26-Eastern Ill.,2025-26,Eastern Ill.,OVC,320,-5.767695293616384,0.0,0.0,-5.767695293616384,300,0,-1.5,-1.0,-12.5,-39.0,0.0,-5.767695293616384
2025-26-New Hampshire,2025-26,New Hampshire,America East,348,-7.677800746740068,0.0,0.0,-7.677800746740068,322,0,-1.5,-2.0,-12.5,-40.5,0.0,-7.677800746740068
2025-26-Siena,2025-26,Siena,MAAC,183,2.9780599985513376,0.0,0.0,2.9780599985513376,193,0,-0.5,0.0,-13.0,-5.5,2.0,2.9780599985513376
2025-26-Grand Canyon,2025-26,Grand Canyon,Mountain West,71,19.452984046834334,0.0,0.0,19.452984046834334,90,0,11.0,5.0,-1.0,1.0,23.5,19.452984046834334
2025-26-High Point,2025-26,High Point,Big South,76,15.972925742246147,0.0,0.0,15.972925742246147,107,0,0.0,-2.0,0.0,6.5,5.0,15.972925742246147
2025-26-Oregon,2025-26,Oregon,Big Ten,109,25.37790718932029,0.0,0.0,25.37790718932029,70,0,-2.5,3.0,-4.5,3.0,12.0,25.37790718932029
2025-26-Texas Southern,2025-26,Texas Southern,SWAC,322,-4.814893562955625,0.0,0.0,-4.814893562955625,283,0,-2.0,-1.0,-5.0,-39.0,0.0,-4.814893562955625
2025-26-N.C. A&T,2025-26,N.C. A&T,CAA,276,-8.915690084892226,0.0,0.0,-8.915690084892226,337,0,0.0,-4.0,-17.0,-25.0,3.0,-8.915690084892226
2025-26-Northwestern St.,2025-26,Northwestern St.,Southland,301,-4.189350712137404,0.0,0.0,-4.189350712137404,276,0,-2.0,-4.0,-9.0,-36.5,1.0,-4.189350712137404
2025-26-Prairie View,2025-26,Prairie View,SWAC,300,-2.085464375996118,0.0,0.0,-2.085464375996118,249,0,-2.0,-1.0,-2.5,-37.0,0.0,-2.085464375996118
2025-26-Seton Hall,2025-26,Seton Hall,Big East,53,28.044248914199866,0.0,0.0,28.044248914199866,64,64,1.5,17.0,2.0,3.0,28.5,28.044248914199866
2025-26-Indiana St.,2025-26,Indiana St.,MVC,213,-3.375648235603201,0.0,0.0,-3.375648235603201,265,0,-1.5,-3.0,-20.5,-9.0,4.5,-3.375648235603201
2025-26-San Diego,2025-26,San Diego,WCC,234,0.9801432636773626,0.0,0.0,0.9801432636773626,217,0,-2.0,-2.0,-11.0,-21.5,6.5,0.9801432636773626
2025-26-La Salle,2025-26,La Salle,Atlantic 10,246,-0.27475928816907214,0.0,0.0,-0.27475928816907214,228,0,-1.5,-5.0,-24.5,-2.0,5.5,-0.27475928816907214
2025-26-Southeast Mo. St.,2025-26,Southeast Mo. St.,OVC,224,6.836942275047175,0.0,0.0,6.836942275047175,155,0,-1.5,0.0,-0.5,-28.5,2.0,6.836942275047175
2025-26-Texas A&M,2025-26,Texas A&M,SEC,44,36.91076194639722,0.0,0.0,36.91076194639722,38,38,18.5,9.0,4.0,4.0,34.0,36.91076194639722
2025-26-Purdue Fort Wayne,2025-26,Purdue Fort Wayne,Horizon,254,0.36754980678617954,0.0,0.0,0.36754980678617954,222,0,-1.5,1.0,-8.5,-15.5,6.5,0.36754980678617954
2025-26-Detroit Mercy,2025-26,Detroit Mercy,Horizon,221,0.11721311280741276,0.0,0.0,0.11721311280741276,225,0,-0.5,-1.0,-12.0,-10.5,5.5,0.11721311280741276
2025-26-New Mexico St.,2025-26,New Mexico St.,CUSA,190,-4.47652690570235,0.0,0.0,-4.47652690570235,278,0,0.0,1.0,-14.0,-21.0,8.5,-4.47652690570235
2025-26-Saint Francis,2025-26,Saint Francis,NEC,353,-7.788688817996459,0.0,0.0,-7.788688817996459,323,0,-1.5,-2.0,-10.0,-47.0,0.0,-7.788688817996459
2025-26-Delaware,2025-26,Delaware,CUSA,287,-7.675813166270586,0.0,0.0,-7.675813166270586,321,0,-0.5,1.0,-12.5,-38.0,7.5,-7.675813166270586
2025-26-Richmond,2025-26,Richmond,Atlantic 10,165,3.9484446160136244,0.0,0.0,3.9484446160136244,181,0,3.5,-5.0,-10.5,-9.0,11.0,3.9484446160136244
2025-26-Missouri St.,2025-26,Missouri St.,CUSA,206,-4.499800629703074,0.0,0.0,-4.499800629703074,279,0,-0.5,-3.0,-17.5,-16.0,5.0,-4.499800629703074
2025-26-App State,2025-26,App State,Sun Belt,192,0.9998497177124221,0.0,0.0,0.9998497177124221,216,0,-0.5,6.0,-13.0,-17.5,7.0,0.9998497177124221
2025-26-George Mason,2025-26,George Mason,Atlantic 10,92,19.386308400636153,0.0,0.0,19.386308400636153,91,0,3.5,0.0,1.0,4.5,17.5,19.386308400636153
2025-26-ETSU,2025-26,ETSU,SoCon,139,8.157422687817018,0.0,0.0,8.157422687817018,146,0,-1.0,0.0,-8.0,-10.5,2.0,8.157422687817018
2025-26-UNI,2025-26,UNI,MVC,72,16.57189122766743,0.0,0.0,16.57189122766743,102,0,-1.0,6.0,-3.0,5.5,17.0,16.57189122766743
2025-26-Fairfield,2025-26,Fairfield,MAAC,240,-0.2606607874411324,0.0,0.0,-0.2606607874411324,227,0,-0.5,0.0,-13.0,-15.0,2.0,-0.2606607874411324
2025-26-Old Dominion,2025-26,Old Dominion,Sun Belt,255,-5.690240452624529,0.0,0.0,-5.690240452624529,299,0,-1.0,-4.0,-19.5,-20.0,3.0,-5.690240452624529
2025-26-Drake,2025-26,Drake,MVC,199,-1.4645236445100878,0.0,0.0,-1.4645236445100878,242,0,-1.0,-1.0,-20.0,-1.5,10.0,-1.4645236445100878
2025-26-North Carolina,2025-26,North Carolina,ACC,24,50.19997843427897,0.0,0.0,50.19997843427897,20,20,23.0,15.0,8.0,2.5,44.5,50.19997843427897
2025-26-Houston,2025-26,Houston,Big 12,5,63.07378283630144,0.0,0.0,63.07378283630144,2,2,42.0,24.0,3.0,3.0,64.0,63.07378283630144
2025-26-Western Caro.,2025-26,Western Caro.,SoCon,228,1.6014556553423773,0.0,0.0,1.6014556553423773,209,0,-2.0,-1.0,-6.0,-23.5,4.0,1.6014556553423773
2025-26-Ohio,2025-26,Ohio,MAC,231,1.867539004343726,0.0,0.0,1.867539004343726,207,0,-1.5,-4.0,-13.5,-7.5,4.0,1.867539004343726
2025-26-Rice,2025-26,Rice,American,243,0.4276227012138136,0.0,0.0,0.4276227012138136,221,0,3.5,-4.0,-11.0,-21.0,8.0,0.4276227012138136
2025-26-South Alabama,2025-26,South Alabama,Sun Belt,187,3.661854473755902,0.0,0.0,3.661854473755902,185,0,0.0,1.0,-5.5,-10.5,9.5,3.661854473755902
2025-26-UC San Diego,2025-26,UC San Diego,Big West,124,8.124477931471464,0.0,0.0,8.124477931471464,147,0,-0.5,2.0,-6.0,-6.5,11.5,8.124477931471464
2025-26-Bucknell,2025-26,Bucknell,Patriot,333,-7.324775856996503,0.0,0.0,-7.324775856996503,318,0,-1.5,-1.0,-20.0,-39.0,0.0,-7.324775856996503
2025-26-UNC Asheville,2025-26,UNC Asheville,Big South,239,-2.5605049476751773,0.0,0.0,-2.5605049476751773,255,0,-1.0,-5.0,-12.5,-14.0,0.0,-2.5605049476751773
2025-26-Pacific,2025-26,Pacific,WCC,116,16.205295369099844,0.0,0.0,16.205295369099844,104,0,-3.5,-3.0,-8.5,6.0,4.0,16.205295369099844
2025-26-Wyoming,2025-26,Wyoming,Mountain West,99,18.04519661290434,0.0,0.0,18.04519661290434,95,0,1.0,-2.0,-2.0,6.0,9.5,18.04519661290434
2025-26-Vermont,2025-26,Vermont,America East,227,-2.9217723437410186,0.0,0.0,-2.9217723437410186,259,0,0.0,-1.0,-15.0,-10.0,0.0,-2.9217723437410186
2025-26-Bethune-Cookman,2025-26,Bethune-Cookman,SWAC,261,4.958437958055665,0.0,0.0,4.958437958055665,174,0,-4.0,0.0,1.0,-20.5,1.0,4.958437958055665
2025-26-Santa Clara,2025-26,Santa Clara,WCC,40,32.889837899807425,0.0,0.0,32.889837899807425,47,47,6.0,17.0,8.240000000000009,-0.5,33.0,32.889837899807425
2025-26-Georgia Tech,2025-26,Georgia Tech,ACC,169,16.179855262489745,0.0,0.0,16.179855262489745,106,0,-0.5,-5.0,-11.5,4.5,5.0,16.179855262489745
2025-26-Le Moyne,2025-26,Le Moyne,NEC,290,-8.235491264990095,0.0,0.0,-8.235491264990095,332,0,-0.5,-1.0,-11.5,-33.5,1.0,-8.235491264990095
2025-26-Charleston So.,2025-26,Charleston So.,Big South,242,-6.077419387515434,0.0,0.0,-6.077419387515434,302,0,-0.5,-3.0,-7.0,-31.5,3.0,-6.077419387515434
2025-26-Arizona,2025-26,Arizona,Big 12,3,63.58112299720658,0.0,0.0,63.58112299720658,1,1,57.0,24.0,1.0,3.5,64.0,63.58112299720658
2025-26-Central Mich.,2025-26,Central Mich.,MAC,280,-3.6883151317438134,0.0,0.0,-3.6883151317438134,271,0,-2.0,-3.0,-12.0,-29.5,3.0,-3.6883151317438134
2025-26-Southeastern La.,2025-26,Southeastern La.,Southland,295,-6.25358628948787,0.0,0.0,-6.25358628948787,303,0,-0.5,-7.0,-8.0,-37.0,2.0,-6.25358628948787
2025-26-Norfolk St.,2025-26,Norfolk St.,MEAC,318,-8.33253586042197,0.0,0.0,-8.33253586042197,333,0,-1.0,-1.0,-12.5,-30.5,0.0,-8.33253586042197
2025-26-Oral Roberts,2025-26,Oral Roberts,Summit League,311,-4.848579892611653,0.0,0.0,-4.848579892611653,285,0,-1.5,-4.0,-13.0,-37.5,2.0,-4.848579892611653
2025-26-West Ga.,2025-26,West Ga.,ASUN,298,-3.163910403942296,0.0,0.0,-3.163910403942296,263,0,-1.5,3.0,-10.0,-34.0,2.5,-3.163910403942296
2025-26-Furman,2025-26,Furman,SoCon,186,2.3284641132498862,0.0,0.0,2.3284641132498862,199,0,-0.5,-2.0,-7.5,-9.0,5.0,2.3284641132498862
2025-26-Hawaii,2025-26,Hawaii,Big West,101,10.572364068613428,0.0,0.0,10.572364068613428,129,0,0.0,-4.0,3.0,-1.0,8.0,10.572364068613428
2025-26-UIW,2025-26,UIW,Southland,282,-2.724466479790614,0.0,0.0,-2.724466479790614,256,0,-1.5,-1.0,-6.5,-32.5,3.5,-2.724466479790614
2025-26-Buffalo,2025-26,Buffalo,MAC,195,2.367301927068567,0.0,0.0,2.367301927068567,198,0,-1.0,-1.0,-7.0,-14.5,5.5,2.367301927068567
2025-26-UT Arlington,2025-26,UT Arlington,WAC,161,4.870684745301084,0.0,0.0,4.870684745301084,176,0,-1.0,-1.0,-7.5,-7.0,7.5,4.870684745301084
2025-26-Youngstown St.,2025-26,Youngstown St.,Horizon,219,-7.938202027447041,0.0,0.0,-7.938202027447041,329,0,4.5,-3.0,-15.5,-23.5,6.0,-7.938202027447041
2025-26-East Carolina,2025-26,East Carolina,American,267,2.2397283097652974,0.0,0.0,2.2397283097652974,202,0,-2.0,-1.0,-10.5,-24.5,4.5,2.2397283097652974
2025-26-Portland,2025-26,Portland,WCC,222,3.2928159439826246,0.0,0.0,3.2928159439826246,190,0,2.5,-6.0,-12.5,-4.5,9.0,3.2928159439826246
2025-26-East Texas A&M,2025-26,East Texas A&M,Southland,304,-2.0055546894779823,0.0,0.0,-2.0055546894779823,248,0,-2.0,-4.0,-6.5,-36.0,1.0,-2.0055546894779823
2025-26-South Dakota,2025-26,South Dakota,Summit League,284,-3.540013486292686,0.0,0.0,-3.540013486292686,268,0,-0.5,-5.0,-9.0,-18.0,1.0,-3.540013486292686
2025-26-Presbyterian,2025-26,Presbyterian,Big South,260,-5.451887350869086,0.0,0.0,-5.451887350869086,296,0,-1.0,-3.0,-8.0,-31.0,2.0,-5.451887350869086
2025-26-Loyola Maryland,2025-26,Loyola Maryland,Patriot,328,-11.48453191799809,0.0,0.0,-11.48453191799809,356,0,-0.5,-2.0,-15.0,-39.0,0.0,-11.48453191799809
2025-26-Massachusetts,2025-26,Massachusetts,MAC,201,-0.28593753247495357,0.0,0.0,-0.28593753247495357,229,0,-1.0,5.0,-15.0,-15.5,10.0,-0.28593753247495357
2025-26-Utah St.,2025-26,Utah St.,Mountain West,26,36.306566440964296,0.0,0.0,36.306566440964296,41,41,16.0,24.0,6.5,2.5,47.5,36.306566440964296
2025-26-Stonehill,2025-26,Stonehill,NEC,332,-11.155914783074074,0.0,0.0,-11.155914783074074,354,0,-0.5,-2.0,-10.0,-47.0,0.0,-11.155914783074074
2025-26-Kent St.,2025-26,Kent St.,MAC,140,13.81891989653673,0.0,0.0,13.81891989653673,117,0,-1.0,0.0,1.5,2.0,11.5,13.81891989653673
2025-26-Clemson,2025-26,Clemson,ACC,34,40.34742121488487,0.0,0.0,40.34742121488487,30,30,24.0,17.0,4.0,3.5,45.5,40.34742121488487
2025-26-Alabama St.,2025-26,Alabama St.,SWAC,324,-6.832271835019654,0.0,0.0,-6.832271835019654,309,0,-2.0,0.0,-2.5,-47.0,2.5,-6.832271835019654
2025-26-Northern Colo.,2025-26,Northern Colo.,Big Sky,150,3.712900828788648,0.0,0.0,3.712900828788648,184,0,-0.5,2.0,-8.0,-11.5,9.5,3.712900828788648
2025-26-William & Mary,2025-26,William & Mary,CAA,129,6.385124151147,0.0,0.0,6.385124151147,162,0,-0.5,4.0,-11.0,-6.0,9.0,6.385124151147
2025-26-UIC,2025-26,UIC,MVC,110,6.6524243303505735,0.0,0.0,6.6524243303505735,158,0,3.5,4.0,-11.5,-0.5,17.5,6.6524243303505735
2025-26-Abilene Christian,2025-26,Abilene Christian,WAC,248,-1.6198411516894495,0.0,0.0,-1.6198411516894495,244,0,-1.0,-5.0,-15.5,-15.5,2.0,-1.6198411516894495
2025-26-St. John's (NY),2025-26,St. John's (NY),Big East,15,51.31715367419312,0.0,0.0,51.31715367419312,17,17,20.0,24.0,6.5,1.5,56.5,51.31715367419312
2025-26-Western Ky.,2025-26,Western Ky.,CUSA,160,4.270720954259382,0.0,0.0,4.270720954259382,178,0,-1.0,4.0,-20.5,2.0,7.0,4.270720954259382
2025-26-Kennesaw St.,2025-26,Kennesaw St.,CUSA,155,4.118686784039596,0.0,0.0,4.118686784039596,179,0,-0.5,-3.0,-6.5,-10.0,6.0,4.118686784039596
2025-26-Delaware St.,2025-26,Delaware St.,MEAC,362,-12.779253481387101,0.0,0.0,-12.779253481387101,359,0,-0.5,-3.0,-10.0,-47.0,0.0,-12.779253481387101
2025-26-Niagara,2025-26,Niagara,MAAC,341,-9.541286499454102,0.0,0.0,-9.541286499454102,343,0,-1.0,-1.0,-12.5,-47.0,0.0,-9.541286499454102
2025-26-Hofstra,2025-26,Hofstra,CAA,88,11.414212010808459,0.0,0.0,11.414212010808459,125,0,-0.5,4.0,0.0,-7.0,15.0,11.414212010808459
2025-26-Florida A&M,2025-26,Florida A&M,SWAC,312,-1.165670141549846,0.0,0.0,-1.165670141549846,239,0,-2.0,0.0,-7.5,-29.5,0.0,-1.165670141549846
2025-26-Montana St.,2025-26,Montana St.,Big Sky,128,5.448731485530271,0.0,0.0,5.448731485530271,172,0,-1.5,-1.0,-7.0,-12.5,8.0,5.448731485530271
2025-26-Arkansas St.,2025-26,Arkansas St.,Sun Belt,154,9.002340312309542,0.0,0.0,9.002340312309542,142,0,-1.0,-2.0,6.5,-23.5,9.0,9.002340312309542
2025-26-Stony Brook,2025-26,Stony Brook,CAA,232,-1.234678886496674,0.0,0.0,-1.234678886496674,240,0,-0.5,-3.0,-16.0,-6.5,4.0,-1.234678886496674
2025-26-LIU,2025-26,LIU,NEC,198,6.513758721846383,0.0,0.0,6.513758721846383,160,0,-1.0,-2.0,-6.5,-0.5,1.0,6.513758721846383
2025-26-Arizona St.,2025-26,Arizona St.,Big 12,73,32.27946656294017,0.0,0.0,32.27946656294017,49,49,21.5,9.0,0.5,-2.0,37.0,32.27946656294017
2025-26-Idaho St.,2025-26,Idaho St.,Big Sky,236,-4.8965526244296385,0.0,0.0,-4.8965526244296385,286,0,-1.0,-3.0,-21.0,-17.0,4.0,-4.8965526244296385
2025-26-UNC Greensboro,2025-26,UNC Greensboro,SoCon,292,-7.832733398751827,0.0,0.0,-7.832733398751827,324,0,-0.5,-2.0,-16.5,-30.0,1.0,-7.832733398751827
2025-26-Utah,2025-26,Utah,Big 12,132,20.746127413803528,0.0,0.0,20.746127413803528,89,0,-2.0,0.0,-3.0,-1.5,11.0,20.746127413803528
2025-26-Lafayette,2025-26,Lafayette,Patriot,323,-9.712374445401707,0.0,0.0,-9.712374445401707,345,0,-1.0,-1.0,-14.0,-43.5,1.0,-9.712374445401707
2025-26-Drexel,2025-26,Drexel,CAA,212,-2.930246493344633,0.0,0.0,-2.930246493344633,260,0,0.0,-4.0,-16.0,-10.0,4.0,-2.930246493344633
2025-26-George Washington,2025-26,George Washington,Atlantic 10,91,16.354347840660267,0.0,0.0,16.354347840660267,103,0,2.0,-5.0,2.0,-7.5,11.0,16.354347840660267
2025-26-UTSA,2025-26,UTSA,American,344,-5.16964074935585,0.0,0.0,-5.16964074935585,289,0,-1.5,-5.0,-16.5,-39.0,1.0,-5.16964074935585
2025-26-North Ala.,2025-26,North Ala.,ASUN,338,-13.280779074416515,0.0,0.0,-13.280779074416515,360,0,-0.5,2.0,-14.0,-47.0,3.5,-13.280779074416515
2025-26-South Fla.,2025-26,South Fla.,American,45,27.788758705695052,0.0,0.0,27.788758705695052,65,65,12.0,9.0,2.0,4.5,29.0,27.788758705695052
2025-26-Brown,2025-26,Brown,Ivy League,296,-9.25505330365214,0.0,0.0,-9.25505330365214,341,0,-0.5,-2.0,-22.5,-20.5,0.0,-9.25505330365214
2025-26-Idaho,2025-26,Idaho,Big Sky,144,1.2943105129614452,0.0,0.0,1.2943105129614452,212,0,0.0,-3.0,-11.0,-7.5,9.0,1.2943105129614452
2025-26-Ohio St.,2025-26,Ohio St.,Big Ten,29,41.248248016582124,0.0,0.0,41.248248016582124,26,26,12.5,14.0,6.0,3.0,34.5,41.248248016582124
2025-26-Ga. Southern,2025-26,Ga. Southern,Sun Belt,220,-0.8418432834476661,0.0,0.0,-0.8418432834476661,236,0,-0.5,0.0,-12.5,-25.0,5.0,-0.8418432834476661
2025-26-Indiana,2025-26,Indiana,Big Ten,41,35.083954163906164,0.0,0.0,35.083954163906164,42,42,8.5,5.0,5.0,3.5,24.5,35.083954163906164
2025-26-Saint Joseph's,2025-26,Saint Joseph's,Atlantic 10,121,14.991881850271213,0.0,0.0,14.991881850271213,111,0,-2.0,3.0,4.0,-3.5,14.0,14.991881850271213
2025-26-Monmouth,2025-26,Monmouth,CAA,168,2.6841870205749174,0.0,0.0,2.6841870205749174,194,0,-0.5,-4.0,-2.0,-19.0,8.0,2.6841870205749174
2025-26-Southern U.,2025-26,Southern U.,SWAC,279,-2.3499908676074384,0.0,0.0,-2.3499908676074384,253,0,-2.5,-2.0,-2.5,-29.0,0.0,-2.3499908676074384
2025-26-Louisiana Tech,2025-26,Louisiana Tech,CUSA,209,-3.3983150153100397,0.0,0.0,-3.3983150153100397,266,0,-0.5,2.0,-21.0,-2.0,6.5,-3.3983150153100397
2025-26-Oklahoma St.,2025-26,Oklahoma St.,Big 12,75,33.094760794441,0.0,0.0,33.094760794441,46,46,3.5,21.0,2.0,3.5,30.0,33.094760794441
2025-26-Portland St.,2025-26,Portland St.,Big Sky,146,6.786669398829865,0.0,0.0,6.786669398829865,156,0,-0.5,-3.0,-2.0,-7.5,8.0,6.786669398829865
2025-26-Seattle U,2025-26,Seattle U,WCC,122,14.48756632051683,0.0,0.0,14.48756632051683,112,0,2.0,2.0,-12.0,2.5,9.5,14.48756632051683
2025-26-Butler,2025-26,Butler,Big East,84,24.290840865742126,0.0,0.0,24.290840865742126,76,0,6.0,1.0,1.0,2.5,21.5,24.290840865742126
2025-26-Lamar University,2025-26,Lamar University,Southland,251,-4.6853678838208666,0.0,0.0,-4.6853678838208666,282,0,-1.5,-3.0,-11.5,-27.5,1.0,-4.6853678838208666
2025-26-Michigan St.,2025-26,Michigan St.,Big Ten,11,56.44003987835969,0.0,0.0,56.44003987835969,8,8,37.5,14.0,7.0,2.0,55.5,56.44003987835969
2025-26-Longwood,2025-26,Longwood,Big South,266,-5.251407825173274,0.0,0.0,-5.251407825173274,291,0,-0.5,-3.0,-9.0,-26.0,1.0,-5.251407825173274
2025-26-Mercer,2025-26,Mercer,SoCon,182,5.288395767010652,0.0,0.0,5.288395767010652,173,0,-1.5,-1.0,-10.5,-9.0,2.0,5.288395767010652
2025-26-Rhode Island,2025-26,Rhode Island,Atlantic 10,151,7.786715083970236,0.0,0.0,7.786715083970236,148,0,13.5,-4.0,-8.5,-12.0,18.5,7.786715083970236
2025-26-TCU,2025-26,TCU,Big 12,39,38.72416185194851,0.0,0.0,38.72416185194851,33,33,23.5,19.0,-0.5,-0.5,43.5,38.72416185194851
2025-26-Denver,2025-26,Denver,Summit League,241,-0.3413565192428152,0.0,0.0,-0.3413565192428152,230,0,-1.5,6.0,-5.5,-28.5,9.5,-0.3413565192428152
2025-26-Eastern Ky.,2025-26,Eastern Ky.,ASUN,291,-7.913175173787515,0.0,0.0,-7.913175173787515,328,0,-1.0,-2.0,-16.5,-36.0,1.0,-7.913175173787515
2025-26-McNeese,2025-26,McNeese,Southland,56,19.34321088195749,0.0,0.0,19.34321088195749,92,0,-1.0,4.0,8.0,4.0,13.0,19.34321088195749
2025-26-Cal Poly,2025-26,Cal Poly,Big West,225,-3.401359982834876,0.0,0.0,-3.401359982834876,267,0,-0.5,5.0,-16.0,-21.5,11.5,-3.401359982834876
2025-26-Charlotte,2025-26,Charlotte,American,173,7.589121954781081,0.0,0.0,7.589121954781081,151,0,-3.0,-1.0,-8.5,-2.5,6.5,7.589121954781081
2025-26-Fresno St.,2025-26,Fresno St.,Mountain West,153,9.122096717098128,0.0,0.0,9.122096717098128,141,0,-3.5,-7.0,0.0,-4.5,5.0,9.122096717098128
2025-26-St. Bonaventure,2025-26,St. Bonaventure,Atlantic 10,143,9.23301646698729,0.0,0.0,9.23301646698729,139,0,-2.0,5.0,-7.5,-12.0,12.5,9.23301646698729
2025-26-Western Mich.,2025-26,Western Mich.,MAC,283,-2.9617297598951993,0.0,0.0,-2.9617297598951993,261,0,-2.0,-3.0,-15.5,-20.5,2.0,-2.9617297598951993
2025-26-South Carolina St.,2025-26,South Carolina St.,MEAC,356,-9.11718766813889,0.0,0.0,-9.11718766813889,339,0,-1.5,-2.0,-10.0,-47.0,0.0,-9.11718766813889
2025-26-Southern Miss.,2025-26,Southern Miss.,Sun Belt,214,-0.6257401948685839,0.0,0.0,-0.6257401948685839,233,0,-0.5,-4.0,-13.5,-9.5,4.0,-0.6257401948685839
2025-26-Louisiana,2025-26,Louisiana,Sun Belt,313,-7.896638587750509,0.0,0.0,-7.896638587750509,327,0,-1.5,-1.0,-20.5,-31.5,2.0,-7.896638587750509
2025-26-Utah Valley,2025-26,Utah Valley,WAC,85,16.190926495742804,0.0,0.0,16.190926495742804,105,0,-1.0,-2.0,5.0,-2.0,10.0,16.190926495742804
2025-26-Creighton,2025-26,Creighton,Big East,83,24.45467220354298,0.0,0.0,24.45467220354298,75,0,5.0,3.0,-2.5,2.5,20.5,24.45467220354298
2025-26-Tennessee Tech,2025-26,Tennessee Tech,OVC,308,-7.526694831985338,0.0,0.0,-7.526694831985338,319,0,-1.0,0.0,-11.5,-39.5,1.0,-7.526694831985338
2025-26-Wichita St.,2025-26,Wichita St.,American,74,17.445845797296926,0.0,0.0,17.445845797296926,99,0,7.5,9.0,-3.5,1.5,22.0,17.445845797296926
2025-26-Illinois,2025-26,Illinois,Big Ten,8,56.49806909071148,0.0,0.0,56.49806909071148,7,7,27.5,15.0,7.0,2.5,47.5,56.49806909071148
2025-26-Georgia St.,2025-26,Georgia St.,Sun Belt,307,-9.643699576697479,0.0,0.0,-9.643699576697479,344,0,-1.0,0.0,-22.0,-37.5,3.0,-9.643699576697479
2025-26-Evansville,2025-26,Evansville,MVC,306,-1.5247700886327848,0.0,0.0,-1.5247700886327848,243,0,-1.5,-7.0,-16.0,-15.5,4.0,-1.5247700886327848
2025-26-Notre Dame,2025-26,Notre Dame,ACC,94,24.73724211803098,0.0,0.0,24.73724211803098,74,0,4.0,0.0,0.5,-1.0,16.0,24.73724211803098
2025-26-Morehead St.,2025-26,Morehead St.,OVC,264,3.518110400721511,0.0,0.0,3.518110400721511,188,0,-1.5,-1.0,-9.0,-12.0,1.0,3.518110400721511
2025-26-Pittsburgh,2025-26,Pittsburgh,ACC,104,21.611081472822875,0.0,0.0,21.611081472822875,84,0,4.0,3.0,-4.5,-1.5,18.5,21.611081472822875
2025-26-Robert Morris,2025-26,Robert Morris,Horizon,147,7.4054890134410165,0.0,0.0,7.4054890134410165,152,0,-0.5,3.0,0.5,-22.5,10.5,7.4054890134410165
2025-26-Belmont,2025-26,Belmont,MVC,63,17.12218115000447,0.0,0.0,17.12218115000447,101,0,4.5,13.0,2.5,0.5,26.5,17.12218115000447
2025-26-UCLA,2025-26,UCLA,Big Ten,31,40.523332170177284,0.0,0.0,40.523332170177284,29,29,18.5,12.0,6.0,3.5,38.5,40.523332170177284
2025-26-Canisius,2025-26,Canisius,MAAC,343,-11.008106347821787,0.0,0.0,-11.008106347821787,352,0,-0.5,-2.0,-17.5,-39.5,0.0,-11.008106347821787
2025-26-Columbia,2025-26,Columbia,Ivy League,185,5.750477053317059,0.0,0.0,5.750477053317059,169,0,-1.5,-1.0,-8.5,-7.0,4.0,5.750477053317059
2025-26-Dayton,2025-26,Dayton,Atlantic 10,69,22.537515055637698,0.0,0.0,22.537515055637698,81,0,6.5,16.0,2.0,0.0,30.0,22.537515055637698
2025-26-Virginia Tech,2025-26,Virginia Tech,ACC,55,33.20958569917007,0.0,0.0,33.20958569917007,45,45,4.0,15.0,4.0,3.5,27.0,33.20958569917007
2025-26-James Madison,2025-26,James Madison,Sun Belt,208,3.1677762176345183,0.0,0.0,3.1677762176345183,192,0,-1.0,2.0,-7.5,-22.5,7.5,3.1677762176345183
2025-26-Kansas,2025-26,Kansas,Big 12,21,48.88372923921453,0.0,0.0,48.88372923921453,22,22,36.0,20.0,4.0,1.5,57.5,48.88372923921453
2025-26-Missouri,2025-26,Missouri,SEC,58,31.21014382287221,0.0,0.0,31.21014382287221,51,51,19.0,7.0,3.0,4.0,33.0,31.21014382287221
2025-26-Princeton,2025-26,Princeton,Ivy League,249,-5.328520184400588,0.0,0.0,-5.328520184400588,294,0,-1.5,3.0,-25.5,-21.5,4.5,-5.328520184400588
2025-26-SIUE,2025-26,SIUE,OVC,259,-1.449669165689187,0.0,0.0,-1.449669165689187,241,0,-0.5,0.0,-3.0,-33.0,2.0,-1.449669165689187
2025-26-Western Ill.,2025-26,Western Ill.,OVC,364,-12.575772891326828,0.0,0.0,-12.575772891326828,358,0,-0.5,-1.0,-10.0,-47.0,0.0,-12.575772891326828
2025-26-Milwaukee,2025-26,Milwaukee,Horizon,253,0.3364136133191451,0.0,0.0,0.3364136133191451,223,0,-2.5,-1.0,-15.5,-23.5,2.0,0.3364136133191451
2025-26-Southern Ind.,2025-26,Southern Ind.,OVC,345,-14.592636806289143,0.0,0.0,-14.592636806289143,364,0,0.0,-1.0,-11.5,-47.0,1.0,-14.592636806289143
2025-26-Pepperdine,2025-26,Pepperdine,WCC,274,-0.8211219597913697,0.0,0.0,-0.8211219597913697,235,0,-3.0,-2.0,-23.0,-17.5,2.0,-0.8211219597913697
2025-26-San Diego St.,2025-26,San Diego St.,Mountain West,47,29.477193684771496,0.0,0.0,29.477193684771496,57,57,9.5,16.0,3.5,3.0,33.0,29.477193684771496
2025-26-St. Thomas (MN),2025-26,St. Thomas (MN),Summit League,103,9.901479365745544,0.0,0.0,9.901479365745544,133,0,-0.5,-2.0,1.0,-8.5,6.0,9.901479365745544
2025-26-Texas,2025-26,Texas,SEC,42,36.30713933632939,0.0,0.0,36.30713933632939,40,40,22.5,-1.0,0.5,3.5,29.5,36.30713933632939
2025-26-Jacksonville St.,2025-26,Jacksonville St.,CUSA,216,-7.059279179693618,0.0,0.0,-7.059279179693618,314,0,0.0,-2.0,-17.5,-20.5,5.0,-7.059279179693618
2025-26-Radford,2025-26,Radford,Big South,252,-1.9076297073481854,0.0,0.0,-1.9076297073481854,247,0,-1.0,-4.0,-12.5,-13.5,0.0,-1.9076297073481854
2025-26-Boston College,2025-26,Boston College,ACC,158,12.666329573947841,0.0,0.0,12.666329573947841,119,0,-4.0,-3.0,-2.5,-9.5,7.5,12.666329573947841
2025-26-Nebraska,2025-26,Nebraska,Big Ten,14,54.05077051056174,0.0,0.0,54.05077051056174,13,13,37.5,18.0,5.0,3.0,56.0,54.05077051056174
2025-26-Penn,2025-26,Penn,Ivy League,148,9.607370296226115,0.0,0.0,9.607370296226115,136,0,-1.0,-4.0,-1.5,-3.0,6.0,9.607370296226115
2025-26-Middle Tenn.,2025-26,Middle Tenn.,CUSA,163,3.7847069802658844,0.0,0.0,3.7847069802658844,183,0,-1.0,-4.0,-4.5,-13.0,8.0,3.7847069802658844
2025-26-Mississippi St.,2025-26,Mississippi St.,SEC,112,24.96976377139755,0.0,0.0,24.96976377139755,72,0,-1.5,7.0,-2.0,2.5,17.0,24.96976377139755
2025-26-Valparaiso,2025-26,Valparaiso,MVC,156,9.292415448368036,0.0,0.0,9.292415448368036,138,0,-2.0,0.0,-1.5,-3.5,11.0,9.292415448368036
2025-26-Marist,2025-26,Marist,MAAC,181,-1.8121707665579407,0.0,0.0,-1.8121707665579407,245,0,0.0,-1.0,-20.0,-3.0,0.0,-1.8121707665579407
2025-26-New Haven,2025-26,New Haven,NEC,325,-5.222072216843046,0.0,0.0,-5.222072216843046,290,0,-1.5,0.0,-10.0,-34.5,0.0,-5.222072216843046
2025-26-Gonzaga,2025-26,Gonzaga,WCC,6,53.49140433130106,0.0,0.0,53.49140433130106,14,14,30.5,12.0,8.240000000000009,4.0,49.0,53.49140433130106
2025-26-Arkansas,2025-26,Arkansas,SEC,17,52.42808878955625,0.0,0.0,52.42808878955625,15,15,27.5,24.0,4.0,3.0,52.0,52.42808878955625
2025-26-Oklahoma,2025-26,Oklahoma,SEC,48,32.745193556484516,0.0,0.0,32.745193556484516,48,48,13.0,13.0,2.0,3.5,33.0,32.745193556484516
2025-26-Iona,2025-26,Iona,MAAC,237,1.87233431027461,0.0,0.0,1.87233431027461,206,0,-0.5,-1.0,-7.0,-24.5,3.0,1.87233431027461
2025-26-Alcorn,2025-26,Alcorn,SWAC,349,-5.253642108858614,0.0,0.0,-5.253642108858614,292,0,-2.0,-3.0,-10.0,-43.5,0.0,-5.253642108858614
2025-26-FDU,2025-26,FDU,NEC,334,-9.121865593829611,0.0,0.0,-9.121865593829611,340,0,-1.0,-2.0,-10.0,-47.0,0.0,-9.121865593829611
2025-26-Grambling,2025-26,Grambling,SWAC,305,-7.954453762969109,0.0,0.0,-7.954453762969109,330,0,-1.0,-1.0,-6.5,-46.5,1.0,-7.954453762969109
2025-26-Loyola Chicago,2025-26,Loyola Chicago,Atlantic 10,278,1.1101701873687162,0.0,0.0,1.1101701873687162,214,0,2.0,-5.0,-22.0,-13.5,7.0,1.1101701873687162
2025-26-The Citadel,2025-26,The Citadel,SoCon,346,-14.028348219359984,0.0,0.0,-14.028348219359984,362,0,0.0,-2.0,-25.0,-36.0,0.0,-14.028348219359984
2025-26-SFA,2025-26,SFA,Southland,89,14.207736169375533,0.0,0.0,14.207736169375533,114,0,-0.5,5.0,0.0,5.5,10.0,14.207736169375533
2025-26-Sacramento St.,2025-26,Sacramento St.,Big Sky,269,-4.9288495680326605,0.0,0.0,-4.9288495680326605,287,0,-1.5,-3.0,-25.5,-5.5,2.0,-4.9288495680326605
2025-26-Towson,2025-26,Towson,CAA,159,6.699083000800069,0.0,0.0,6.699083000800069,157,0,-1.5,-3.0,-9.0,-6.5,6.0,6.699083000800069
2025-26-Saint Peter's,2025-26,Saint Peter's,MAAC,233,2.0228506705072604,0.0,0.0,2.0228506705072604,203,0,-1.0,-1.0,-4.5,-17.5,3.0,2.0228506705072604
2025-26-Ole Miss,2025-26,Ole Miss,SEC,82,28.672731701291674,0.0,0.0,28.672731701291674,60,60,15.5,4.0,-9.0,3.5,26.0,28.672731701291674
2025-26-Utah Tech,2025-26,Utah Tech,WAC,176,7.763188678810366,0.0,0.0,7.763188678810366,149,0,-1.5,-6.0,-2.5,-6.5,5.0,7.763188678810366
2025-26-Yale,2025-26,Yale,Ivy League,65,18.83153381480724,0.0,0.0,18.83153381480724,94,0,-0.5,3.0,4.5,0.5,14.5,18.83153381480724
2025-26-Ark.-Pine Bluff,2025-26,Ark.-Pine Bluff,SWAC,316,-4.822266249891221,0.0,0.0,-4.822266249891221,284,0,-3.0,2.0,-7.5,-31.0,2.5,-4.822266249891221
2025-26-UMBC,2025-26,UMBC,America East,196,6.511441751489848,0.0,0.0,6.511441751489848,161,0,-1.0,-2.0,-2.5,-1.0,0.0,6.511441751489848
2025-26-FIU,2025-26,FIU,CUSA,197,0.10160469013448648,0.0,0.0,0.10160469013448648,226,0,-1.0,-3.0,-11.0,-20.0,4.0,0.10160469013448648
2025-26-Georgetown,2025-26,Georgetown,Big East,90,23.0088040302492,0.0,0.0,23.0088040302492,79,0,0.0,6.0,-2.5,3.0,19.0,23.0088040302492
2025-26-Stanford,2025-26,Stanford,ACC,61,30.04318043410698,0.0,0.0,30.04318043410698,54,54,19.5,10.0,-6.0,3.5,34.0,30.04318043410698
2025-26-Toledo,2025-26,Toledo,MAC,130,5.871430694903594,0.0,0.0,5.871430694903594,168,0,-1.5,0.0,-13.5,-2.0,6.5,5.871430694903594
2025-26-Ball St.,2025-26,Ball St.,MAC,299,-7.841866601363982,0.0,0.0,-7.841866601363982,325,0,-1.0,-3.0,-20.0,-19.0,0.0,-7.841866601363982
2025-26-Chicago St.,2025-26,Chicago St.,NEC,340,-6.646843663924038,0.0,0.0,-6.646843663924038,308,0,-1.5,-4.0,-12.5,-47.0,0.0,-6.646843663924038
2025-26-UNCW,2025-26,UNCW,CAA,96,14.00581502879745,0.0,0.0,14.00581502879745,116,0,0.0,-1.0,0.5,0.0,8.0,14.00581502879745
2025-26-Wright St.,2025-26,Wright St.,Horizon,127,7.00851725939355,0.0,0.0,7.00851725939355,154,0,-0.5,-2.0,-10.0,0.0,5.0,7.00851725939355
2025-26-Troy,2025-26,Troy,Sun Belt,125,5.606452983114657,0.0,0.0,5.606452983114657,170,0,4.5,5.0,-13.5,-5.5,13.0,5.606452983114657
2025-26-NJIT,2025-26,NJIT,America East,327,-7.3134557660795565,0.0,0.0,-7.3134557660795565,317,0,-1.0,-2.0,-13.0,-21.5,2.0,-7.3134557660795565
2025-26-VMI,2025-26,VMI,SoCon,359,-11.523454902093071,0.0,0.0,-11.523454902093071,357,0,-1.0,0.0,-22.5,-47.0,0.0,-11.523454902093071
2025-26-Binghamton,2025-26,Binghamton,America East,360,-13.706184805980833,0.0,0.0,-13.706184805980833,361,0,0.0,-3.0,-5.0,-47.0,0.0,-13.706184805980833
2025-26-South Dakota St.,2025-26,South Dakota St.,Summit League,210,-2.143039520841633,0.0,0.0,-2.143039520841633,250,0,-1.0,-5.0,-11.5,-19.0,1.0,-2.143039520841633
2025-26-Harvard,2025-26,Harvard,Ivy League,152,2.327796948251013,0.0,0.0,2.327796948251013,200,0,4.0,-1.0,-12.5,-7.0,9.0,2.327796948251013
2025-26-UC Santa Barbara,2025-26,UC Santa Barbara,Big West,142,2.4381548361497565,0.0,0.0,2.4381548361497565,197,0,-0.5,0.0,-14.5,-6.0,5.5,2.4381548361497565
2025-26-Fla. Atlantic,2025-26,Fla. Atlantic,American,123,10.854103574547988,0.0,0.0,10.854103574547988,128,0,-1.5,0.0,-3.0,-4.5,12.0,10.854103574547988
2025-26-Weber St.,2025-26,Weber St.,Big Sky,202,0.6281386630051387,0.0,0.0,0.6281386630051387,218,0,-0.5,-5.0,-11.0,-11.0,4.0,0.6281386630051387
2025-26-Boston U.,2025-26,Boston U.,Patriot,263,-6.326026575981487,0.0,0.0,-6.326026575981487,305,0,-0.5,0.0,-13.0,-33.0,2.0,-6.326026575981487
2025-26-Wake Forest,2025-26,Wake Forest,ACC,67,29.890846429413045,0.0,0.0,29.890846429413045,55,55,-0.5,13.0,0.5,3.5,22.0,29.890846429413045
2025-26-West Virginia,2025-26,West Virginia,Big 12,59,30.718943117928497,0.0,0.0,30.718943117928497,52,52,18.0,2.0,0.5,4.0,28.0,30.718943117928497
2025-26-Central Ark.,2025-26,Central Ark.,ASUN,166,8.907104472697306,0.0,0.0,8.907104472697306,143,0,-2.0,0.0,-4.5,-11.5,3.0,8.907104472697306
2025-26-Jackson St.,2025-26,Jackson St.,SWAC,347,-2.3231660474848113,0.0,0.0,-2.3231660474848113,252,0,-3.5,0.0,-7.5,-38.0,0.0,-2.3231660474848113
2025-26-Lehigh,2025-26,Lehigh,Patriot,275,-2.4355760104978046,0.0,0.0,-2.4355760104978046,254,0,-1.0,-1.0,-11.5,-24.5,1.0,-2.4355760104978046
2025-26-USC Upstate,2025-26,USC Upstate,Big South,303,-5.576773244742093,0.0,0.0,-5.576773244742093,298,0,-1.0,-4.0,-9.0,-31.5,1.0,-5.576773244742093
2025-26-Cleveland St.,2025-26,Cleveland St.,Horizon,317,-9.510728743074175,0.0,0.0,-9.510728743074175,342,0,-1.0,1.0,-24.0,-29.0,3.5,-9.510728743074175
2025-26-North Florida,2025-26,North Florida,ASUN,337,-3.7557786104792044,0.0,0.0,-3.7557786104792044,272,0,-2.5,0.0,-10.0,-47.0,0.0,-3.7557786104792044
2025-26-Bowling Green,2025-26,Bowling Green,MAC,157,1.846311837989191,0.0,0.0,1.846311837989191,208,0,-0.5,-1.0,-11.0,-7.0,6.5,1.846311837989191
2025-26-Bryant,2025-26,Bryant,America East,354,-11.378696643187823,0.0,0.0,-11.378696643187823,355,0,-1.0,-1.0,-20.0,-40.5,0.0,-11.378696643187823
2025-26-Georgia,2025-26,Georgia,SEC,33,38.105955812195134,0.0,0.0,38.105955812195134,34,34,23.5,16.0,-1.5,4.5,40.0,38.105955812195134
2025-26-Villanova,2025-26,Villanova,Big East,35,38.757142688614316,0.0,0.0,38.757142688614316,32,32,6.0,23.0,6.5,2.5,37.0,38.757142688614316
2025-26-San Francisco,2025-26,San Francisco,WCC,119,15.950189775498103,0.0,0.0,15.950189775498103,109,0,-3.0,5.0,-1.5,-8.5,13.5,15.950189775498103
2025-26-Nevada,2025-26,Nevada,Mountain West,70,21.734245981760857,0.0,0.0,21.734245981760857,82,0,1.5,11.0,8.240000000000009,-5.5,27.5,21.734245981760857
2025-26-American,2025-26,American,Patriot,256,-0.7345902033765199,0.0,0.0,-0.7345902033765199,234,0,-1.5,-2.0,-3.0,-30.0,2.0,-0.7345902033765199
2025-26-Tarleton St.,2025-26,Tarleton St.,WAC,230,1.4319992955938048,0.0,0.0,1.4319992955938048,210,0,-1.5,-4.0,-8.0,-24.0,2.0,1.4319992955938048
2025-26-Miami (FL),2025-26,Miami (FL),ACC,32,40.68722818791227,0.0,0.0,40.68722818791227,28,28,24.0,16.0,3.0,5.0,42.0,40.68722818791227
2025-26-Northern Ky.,2025-26,Northern Ky.,Horizon,184,0.18690335517045042,0.0,0.0,0.18690335517045042,224,0,-0.5,-1.0,-18.0,-8.5,2.0,0.18690335517045042
2025-26-Auburn,2025-26,Auburn,SEC,38,37.82298370282983,0.0,0.0,37.82298370282983,36,36,11.5,7.0,1.5,3.0,27.5,37.82298370282983
2025-26-Alabama A&M,2025-26,Alabama A&M,SWAC,310,-2.260581441870144,0.0,0.0,-2.260581441870144,251,0,-1.0,-1.0,-5.0,-32.5,0.0,-2.260581441870144
2025-26-Campbell,2025-26,Campbell,CAA,200,1.4085535364463198,0.0,0.0,1.4085535364463198,211,0,-2.0,3.0,-17.0,-7.5,8.0,1.4085535364463198
2025-26-Dartmouth,2025-26,Dartmouth,Ivy League,265,-3.576267329461068,0.0,0.0,-3.576267329461068,270,0,-1.0,-3.0,-6.0,-25.5,4.0,-3.576267329461068
2025-26-Gardner-Webb,2025-26,Gardner-Webb,Big South,361,-6.375385373809792,0.0,0.0,-6.375385373809792,306,0,-1.0,-6.0,-17.5,-47.0,0.0,-6.375385373809792
2025-26-DePaul,2025-26,DePaul,Big East,102,17.326852021357446,0.0,0.0,17.326852021357446,100,0,6.5,1.0,0.0,-1.0,20.5,17.326852021357446
2025-26-Jacksonville,2025-26,Jacksonville,ASUN,297,-5.491415721456235,0.0,0.0,-5.491415721456235,297,0,-1.5,-2.0,-15.0,-31.0,0.0,-5.491415721456235
2025-26-Northern Ariz.,2025-26,Northern Ariz.,Big Sky,315,-7.877113207275158,0.0,0.0,-7.877113207275158,326,0,-1.0,-2.0,-25.5,-25.5,2.0,-7.877113207275158
2025-26-Southern Utah,2025-26,Southern Utah,WAC,272,-5.138378071993877,0.0,0.0,-5.138378071993877,288,0,-1.5,-2.0,-25.5,-17.5,2.0,-5.138378071993877
2025-26-Navy,2025-26,Navy,Patriot,136,11.274546160081037,0.0,0.0,11.274546160081037,126,0,-0.5,-2.0,-1.5,-0.5,1.0,11.274546160081037
2025-26-Kansas City,2025-26,Kansas City,Summit League,358,-5.313088447209346,0.0,0.0,-5.313088447209346,293,0,-2.0,-3.0,-12.5,-47.0,0.0,-5.313088447209346
2025-26-Boise St.,2025-26,Boise St.,Mountain West,60,24.80790529418258,0.0,0.0,24.80790529418258,73,0,6.0,18.0,4.5,-2.5,32.5,24.80790529418258
2025-26-Maine,2025-26,Maine,America East,339,-14.185020984699541,0.0,0.0,-14.185020984699541,363,0,-0.5,-2.0,-17.5,-47.0,0.0,-14.185020984699541
2025-26-Kansas St.,2025-26,Kansas St.,Big 12,100,25.764072451915247,0.0,0.0,25.764072451915247,68,68,-4.74,10.0,-0.5,2.5,14.5,25.764072451915247
2025-26-Wofford,2025-26,Wofford,SoCon,245,2.020577734630095,0.0,0.0,2.020577734630095,204,0,-1.0,-1.0,-7.0,-17.0,3.0,2.020577734630095
2025-26-Army West Point,2025-26,Army West Point,Patriot,336,-11.021149000776326,0.0,0.0,-11.021149000776326,353,0,-0.5,-1.0,-16.5,-44.0,1.0,-11.021149000776326
2025-26-South Carolina,2025-26,South Carolina,SEC,108,21.608565030996502,0.0,0.0,21.608565030996502,85,0,-4.74,4.0,-1.5,4.5,8.5,21.608565030996502
2025-26-SMU,2025-26,SMU,ACC,37,37.919496027546295,0.0,0.0,37.919496027546295,35,35,13.5,11.0,5.0,3.0,33.5,37.919496027546295
2025-26-Austin Peay,2025-26,Austin Peay,ASUN,164,6.5542698233147405,0.0,0.0,6.5542698233147405,159,0,-0.5,-3.0,-5.5,1.0,2.0,6.5542698233147405
2025-26-Marquette,2025-26,Marquette,Big East,93,20.859256060339153,0.0,0.0,20.859256060339153,87,0,0.0,-2.0,-2.5,2.0,14.0,20.859256060339153
2025-26-Mount St. Mary's,2025-26,Mount St. Mary's,MAAC,281,-4.503342624689431,0.0,0.0,-4.503342624689431,280,0,-1.5,0.0,-15.5,-22.0,2.0,-4.503342624689431
