RecordID,Season,Team,Conference,Bid Type,Overall Seed,Fold,IsSelected,Score,PredAssignedSeed,PredFullTask
2020-21-UCDavis,2020-21,UC Davis,Big West,,,3,0,,0.0,0.0
2020-21-MichiganSt.,2020-21,Michigan St.,Big Ten,AL,43.0,2,1,-40.8723046827609,56.0,56.0
2020-21-ULM,2020-21,ULM,Sun Belt,,,5,0,,0.0,0.0
2020-21-CentralConn.St.,2020-21,Central Conn. St.,NEC,,,4,0,,0.0,0.0
2020-21-Colgate,2020-21,Colgate,Patriot,AQ,57.0,2,1,-22.053364506518957,33.0,33.0
2020-21-McNeese,2020-21,McNeese,Southland,,,5,0,,0.0,0.0
2020-21-Virginia,2020-21,Virginia,ACC,AL,16.0,2,1,-11.560884887322182,16.0,16.0
2020-21-EasternWash.,2020-21,Eastern Wash.,Big Sky,AQ,58.0,4,1,-60.69416563094272,58.0,58.0
2020-21-UTArlington,2020-21,UT Arlington,Sun Belt,,,1,0,,0.0,0.0
2020-21-Vermont,2020-21,Vermont,America East,,,4,0,,0.0,0.0
2020-21-Indiana,2020-21,Indiana,Big Ten,,,4,0,,0.0,0.0
2020-21-A&M-CorpusChristi,2020-21,A&M-Corpus Christi,Southland,,,2,0,,0.0,0.0
2020-21-Canisius,2020-21,Canisius,MAAC,,,5,0,,0.0,0.0
2020-21-William&Mary,2020-21,William & Mary,CAA,,,4,0,,0.0,0.0
2020-21-UCRiverside,2020-21,UC Riverside,Big West,,,5,0,,0.0,0.0
2020-21-Mercer,2020-21,Mercer,SoCon,,,1,0,,0.0,0.0
2020-21-FIU,2020-21,FIU,CUSA,,,5,0,,0.0,0.0
2020-21-NewOrleans,2020-21,New Orleans,Southland,,,1,0,,0.0,0.0
2020-21-Duquesne,2020-21,Duquesne,Atlantic 10,,,2,0,,0.0,0.0
2020-21-Penn,2020-21,Penn,Ivy League,,,5,0,,0.0,0.0
2020-21-Pacific,2020-21,Pacific,WCC,,,4,0,,0.0,0.0
2020-21-SaintJoseph's,2020-21,Saint Joseph's,Atlantic 10,,,1,0,,0.0,0.0
2020-21-ArkansasSt.,2020-21,Arkansas St.,Sun Belt,,,4,0,,0.0,0.0
2020-21-GeorgiaTech,2020-21,Georgia Tech,ACC,AQ,34.0,5,1,-35.200429960785655,34.0,34.0
2020-21-Bellarmine,2020-21,Bellarmine,ASUN,,,2,0,,0.0,0.0
2020-21-Col.ofCharleston,2020-21,Col. of Charleston,CAA,,,5,0,,0.0,0.0
2020-21-TCU,2020-21,TCU,Big 12,,,4,0,,0.0,0.0
2020-21-TennesseeSt.,2020-21,Tennessee St.,OVC,,,2,0,,0.0,0.0
2020-21-UConn,2020-21,UConn,Big East,AL,26.0,3,1,-28.081493011622864,26.0,26.0
2020-21-ColoradoSt.,2020-21,Colorado St.,Mountain West,,,1,0,,0.0,0.0
2020-21-Stetson,2020-21,Stetson,ASUN,,,3,0,,0.0,0.0
2020-21-WestVirginia,2020-21,West Virginia,Big 12,AL,10.0,4,1,-22.909696062150893,12.0,12.0
2020-21-SouthCarolinaSt.,2020-21,South Carolina St.,MEAC,,,4,0,,0.0,0.0
2020-21-SouthCarolina,2020-21,South Carolina,SEC,,,5,0,,0.0,0.0
2020-21-Vanderbilt,2020-21,Vanderbilt,SEC,,,1,0,,0.0,0.0
2020-21-Rutgers,2020-21,Rutgers,Big Ten,AL,40.0,3,1,-35.03098047003638,40.0,40.0
2020-21-BYU,2020-21,BYU,WCC,AL,23.0,3,1,-21.602074800153787,8.0,8.0
2020-21-UMES,2020-21,UMES,MEAC,,,2,0,,0.0,0.0
2020-21-Buffalo,2020-21,Buffalo,MAC,,,4,0,,0.0,0.0
2020-21-Furman,2020-21,Furman,SoCon,,,3,0,,0.0,0.0
2020-21-SanJoseSt.,2020-21,San Jose St.,Mountain West,,,2,0,,0.0,0.0
2020-21-NorthCarolina,2020-21,North Carolina,ACC,AL,31.0,1,1,-33.231073187524046,29.0,29.0
2020-21-EasternIll.,2020-21,Eastern Ill.,OVC,,,5,0,,0.0,0.0
2020-21-MissouriSt.,2020-21,Missouri St.,MVC,,,5,0,,0.0,0.0
2020-21-LoyolaMaryland,2020-21,Loyola Maryland,Patriot,,,3,0,,0.0,0.0
2020-21-Marist,2020-21,Marist,MAAC,,,4,0,,0.0,0.0
2020-21-MoreheadSt.,2020-21,Morehead St.,OVC,AQ,56.0,2,1,-55.732608796693725,57.0,57.0
2020-21-OhioSt.,2020-21,Ohio St.,Big Ten,AL,6.0,1,1,-15.487944133869341,7.0,7.0
2020-21-OregonSt.,2020-21,Oregon St.,Pac-12,AQ,46.0,3,1,-46.76086371570765,47.0,47.0
2020-21-MontanaSt.,2020-21,Montana St.,Big Sky,,,2,0,,0.0,0.0
2020-21-Rider,2020-21,Rider,MAAC,,,4,0,,0.0,0.0
2020-21-St.FrancisBrooklyn,2020-21,St. Francis Brooklyn,NEC,,,3,0,,0.0,0.0
2020-21-SouthernU.,2020-21,Southern U.,SWAC,,,5,0,,0.0,0.0
2020-21-Davidson,2020-21,Davidson,Atlantic 10,,,3,0,,0.0,0.0
2020-21-MississippiVal.,2020-21,Mississippi Val.,SWAC,,,5,0,,0.0,0.0
2020-21-Elon,2020-21,Elon,CAA,,,3,0,,0.0,0.0
2020-21-Michigan,2020-21,Michigan,Big Ten,AL,4.0,2,1,-4.137779073085671,4.0,4.0
2020-21-SanFrancisco,2020-21,San Francisco,WCC,,,3,0,,0.0,0.0
2020-21-Louisville,2020-21,Louisville,ACC,,,2,0,,0.0,0.0
2020-21-CaliforniaBaptist,2020-21,California Baptist,WAC,,,3,0,,0.0,0.0
2020-21-Hartford,2020-21,Hartford,America East,AQ,64.0,1,1,-63.01950055564274,64.0,64.0
2020-21-Georgetown,2020-21,Georgetown,Big East,AQ,47.0,3,1,-39.28054427192271,45.0,45.0
2020-21-TheCitadel,2020-21,The Citadel,SoCon,,,3,0,,0.0,0.0
2020-21-SetonHall,2020-21,Seton Hall,Big East,,,3,0,,0.0,0.0
2020-21-BoiseSt.,2020-21,Boise St.,Mountain West,,,2,0,,0.0,0.0
2020-21-Auburn,2020-21,Auburn,SEC,,,4,0,,0.0,0.0
2020-21-ChicagoSt.,2020-21,Chicago St.,WAC,,,3,0,,0.0,0.0
2020-21-MurraySt.,2020-21,Murray St.,OVC,,,1,0,,0.0,0.0
2020-21-TarletonSt.,2020-21,Tarleton St.,WAC,,,1,0,,0.0,0.0
2020-21-Stanford,2020-21,Stanford,Pac-12,,,4,0,,0.0,0.0
2020-21-NorthAla.,2020-21,North Ala.,ASUN,,,5,0,,0.0,0.0
2020-21-UNI,2020-21,UNI,MVC,,,1,0,,0.0,0.0
2020-21-PurdueFortWayne,2020-21,Purdue Fort Wayne,Horizon,,,1,0,,0.0,0.0
2020-21-HoustonChristian,2020-21,Houston Christian,Southland,,,2,0,,0.0,0.0
2020-21-UTRGV,2020-21,UTRGV,WAC,,,3,0,,0.0,0.0
2020-21-OleMiss,2020-21,Ole Miss,SEC,,,2,0,,0.0,0.0
2020-21-JacksonSt.,2020-21,Jackson St.,SWAC,,,2,0,,0.0,0.0
2020-21-Dartmouth,2020-21,Dartmouth,Ivy League,,,1,0,,0.0,0.0
2020-21-Creighton,2020-21,Creighton,Big East,AL,17.0,5,1,-25.490329464044443,24.0,24.0
2020-21-NorfolkSt.,2020-21,Norfolk St.,MEAC,AQ,67.0,5,1,-63.31766211559059,67.0,67.0
2020-21-Cincinnati,2020-21,Cincinnati,The American,,,4,0,,0.0,0.0
2020-21-Houston,2020-21,Houston,The American,AQ,8.0,3,1,-28.324200293892524,28.0,28.0
2020-21-WesternMich.,2020-21,Western Mich.,MAC,,,2,0,,0.0,0.0
2020-21-VMI,2020-21,VMI,SoCon,,,3,0,,0.0,0.0
2020-21-UtahTech,2020-21,Utah Tech,WAC,,,4,0,,0.0,0.0
2020-21-WesternIll.,2020-21,Western Ill.,Summit League,,,2,0,,0.0,0.0
2020-21-Delaware,2020-21,Delaware,CAA,,,2,0,,0.0,0.0
2020-21-EasternKy.,2020-21,Eastern Ky.,OVC,,,4,0,,0.0,0.0
2020-21-Georgia,2020-21,Georgia,SEC,,,5,0,,0.0,0.0
2020-21-PortlandSt.,2020-21,Portland St.,Big Sky,,,1,0,,0.0,0.0
2020-21-OralRoberts,2020-21,Oral Roberts,Summit League,AQ,61.0,4,1,-62.530652440305,61.0,61.0
2020-21-UCF,2020-21,UCF,The American,,,1,0,,0.0,0.0
2020-21-CalSt.Fullerton,2020-21,Cal St. Fullerton,Big West,,,1,0,,0.0,0.0
2020-21-LMU(CA),2020-21,LMU (CA),WCC,,,1,0,,0.0,0.0
2020-21-N.C.A&T,2020-21,N.C. A&T,MEAC,,,1,0,,0.0,0.0
2020-21-LittleRock,2020-21,Little Rock,Sun Belt,,,4,0,,0.0,0.0
2020-21-Villanova,2020-21,Villanova,Big East,AL,18.0,1,1,-19.541194084549655,18.0,18.0
2020-21-BowlingGreen,2020-21,Bowling Green,MAC,,,3,0,,0.0,0.0
2020-21-Oregon,2020-21,Oregon,Pac-12,AL,25.0,4,1,-36.95837887246959,25.0,25.0
2020-21-Utah,2020-21,Utah,Pac-12,,,4,0,,0.0,0.0
2020-21-KennesawSt.,2020-21,Kennesaw St.,ASUN,,,2,0,,0.0,0.0
2020-21-KansasSt.,2020-21,Kansas St.,Big 12,,,3,0,,0.0,0.0
2020-21-Howard,2020-21,Howard,MEAC,,,5,0,,0.0,0.0
2020-21-SouthernUtah,2020-21,Southern Utah,Big Sky,,,2,0,,0.0,0.0
2020-21-Miami(FL),2020-21,Miami (FL),ACC,,,1,0,,0.0,0.0
2020-21-Merrimack,2020-21,Merrimack,NEC,,,5,0,,0.0,0.0
2020-21-Harvard,2020-21,Harvard,Ivy League,,,2,0,,0.0,0.0
2020-21-Campbell,2020-21,Campbell,Big South,,,3,0,,0.0,0.0
2020-21-BallSt.,2020-21,Ball St.,MAC,,,1,0,,0.0,0.0
2020-21-Maine,2020-21,Maine,America East,,,4,0,,0.0,0.0
2020-21-DePaul,2020-21,DePaul,Big East,,,3,0,,0.0,0.0
2020-21-UTMartin,2020-21,UT Martin,OVC,,,3,0,,0.0,0.0
2020-21-Colorado,2020-21,Colorado,Pac-12,AL,20.0,5,1,-25.442211553516444,20.0,20.0
2020-21-FloridaA&M,2020-21,Florida A&M,MEAC,,,1,0,,0.0,0.0
2020-21-Kentucky,2020-21,Kentucky,SEC,,,2,0,,0.0,0.0
2020-21-NorthFlorida,2020-21,North Florida,ASUN,,,2,0,,0.0,0.0
2020-21-Tennessee,2020-21,Tennessee,SEC,AL,19.0,5,1,-17.038266341241666,17.0,17.0
2020-21-Bucknell,2020-21,Bucknell,Patriot,,,4,0,,0.0,0.0
2020-21-NotreDame,2020-21,Notre Dame,ACC,,,5,0,,0.0,0.0
2020-21-NIU,2020-21,NIU,MAC,,,3,0,,0.0,0.0
2020-21-RhodeIsland,2020-21,Rhode Island,Atlantic 10,,,2,0,,0.0,0.0
2020-21-Oklahoma,2020-21,Oklahoma,Big 12,AL,32.0,3,1,-34.78842468781524,32.0,32.0
2020-21-St.Bonaventure,2020-21,St. Bonaventure,Atlantic 10,AQ,37.0,2,1,-25.372682073582283,36.0,36.0
2020-21-SFA,2020-21,SFA,Southland,,,4,0,,0.0,0.0
2020-21-NewMexicoSt.,2020-21,New Mexico St.,WAC,,,3,0,,0.0,0.0
2020-21-NorthernColo.,2020-21,Northern Colo.,Big Sky,,,1,0,,0.0,0.0
2020-21-SanDiego,2020-21,San Diego,WCC,,,4,0,,0.0,0.0
2020-21-California,2020-21,California,Pac-12,,,2,0,,0.0,0.0
2020-21-DetroitMercy,2020-21,Detroit Mercy,Horizon,,,1,0,,0.0,0.0
2020-21-ClevelandSt.,2020-21,Cleveland St.,Horizon,AQ,60.0,5,1,-57.22518217155859,60.0,60.0
2020-21-Pittsburgh,2020-21,Pittsburgh,ACC,,,4,0,,0.0,0.0
2020-21-Ark.-PineBluff,2020-21,Ark.-Pine Bluff,SWAC,,,3,0,,0.0,0.0
2020-21-Iowa,2020-21,Iowa,Big Ten,AL,7.0,1,1,-9.965446430597048,6.0,6.0
2020-21-Grambling,2020-21,Grambling,SWAC,,,1,0,,0.0,0.0
2020-21-NewHampshire,2020-21,New Hampshire,America East,,,1,0,,0.0,0.0
2020-21-Texas,2020-21,Texas,Big 12,AQ,11.0,1,1,-15.718743114123956,11.0,11.0
2020-21-TexasSt.,2020-21,Texas St.,Sun Belt,,,5,0,,0.0,0.0
2020-21-Northwestern,2020-21,Northwestern,Big Ten,,,4,0,,0.0,0.0
2020-21-SaintMary's(CA),2020-21,Saint Mary's (CA),WCC,,,1,0,,0.0,0.0
2020-21-Bradley,2020-21,Bradley,MVC,,,1,0,,0.0,0.0
2020-21-PrairieView,2020-21,Prairie View,SWAC,,,5,0,,0.0,0.0
2020-21-BostonU.,2020-21,Boston U.,Patriot,,,5,0,,0.0,0.0
2020-21-EastCarolina,2020-21,East Carolina,The American,,,5,0,,0.0,0.0
2020-21-UNCAsheville,2020-21,UNC Asheville,Big South,,,1,0,,0.0,0.0
2020-21-American,2020-21,American,Patriot,,,1,0,,0.0,0.0
2020-21-Minnesota,2020-21,Minnesota,Big Ten,,,3,0,,0.0,0.0
2020-21-SaintLouis,2020-21,Saint Louis,Atlantic 10,,,5,0,,0.0,0.0
2020-21-FDU,2020-21,FDU,NEC,,,3,0,,0.0,0.0
2020-21-WesternKy.,2020-21,Western Ky.,CUSA,,,4,0,,0.0,0.0
2020-21-UMBC,2020-21,UMBC,America East,,,3,0,,0.0,0.0
2020-21-Fairfield,2020-21,Fairfield,MAAC,,,1,0,,0.0,0.0
2020-21-MississippiSt.,2020-21,Mississippi St.,SEC,,,2,0,,0.0,0.0
2020-21-Monmouth,2020-21,Monmouth,MAAC,,,3,0,,0.0,0.0
2020-21-PennSt.,2020-21,Penn St.,Big Ten,,,4,0,,0.0,0.0
2020-21-SanDiegoSt.,2020-21,San Diego St.,Mountain West,AQ,24.0,5,1,-23.65017199920646,19.0,19.0
2020-21-VirginiaTech,2020-21,Virginia Tech,ACC,AL,38.0,4,1,-44.82516225189861,39.0,39.0
2020-21-JamesMadison,2020-21,James Madison,CAA,,,5,0,,0.0,0.0
2020-21-KentSt.,2020-21,Kent St.,MAC,,,1,0,,0.0,0.0
2020-21-AppState,2020-21,App State,Sun Belt,AQ,68.0,1,1,-65.4202301346483,68.0,68.0
2020-21-Troy,2020-21,Troy,Sun Belt,,,5,0,,0.0,0.0
2020-21-TennesseeTech,2020-21,Tennessee Tech,OVC,,,4,0,,0.0,0.0
2020-21-WeberSt.,2020-21,Weber St.,Big Sky,,,2,0,,0.0,0.0
2020-21-Chattanooga,2020-21,Chattanooga,SoCon,,,4,0,,0.0,0.0
2020-21-Lafayette,2020-21,Lafayette,Patriot,,,2,0,,0.0,0.0
2020-21-Richmond,2020-21,Richmond,Atlantic 10,,,2,0,,0.0,0.0
2020-21-NewMexico,2020-21,New Mexico,Mountain West,,,4,0,,0.0,0.0
2020-21-CharlestonSo.,2020-21,Charleston So.,Big South,,,1,0,,0.0,0.0
2020-21-MiddleTenn.,2020-21,Middle Tenn.,CUSA,,,3,0,,0.0,0.0
2020-21-StonyBrook,2020-21,Stony Brook,America East,,,1,0,,0.0,0.0
2020-21-IdahoSt.,2020-21,Idaho St.,Big Sky,,,4,0,,0.0,0.0
2020-21-SamHouston,2020-21,Sam Houston,Southland,,,4,0,,0.0,0.0
2020-21-YoungstownSt.,2020-21,Youngstown St.,Horizon,,,2,0,,0.0,0.0
2020-21-UNLV,2020-21,UNLV,Mountain West,,,1,0,,0.0,0.0
2020-21-KansasCity,2020-21,Kansas City,Summit League,,,5,0,,0.0,0.0
2020-21-IndianaSt.,2020-21,Indiana St.,MVC,,,2,0,,0.0,0.0
2020-21-VCU,2020-21,VCU,Atlantic 10,AL,39.0,4,1,-38.5789240280472,38.0,38.0
2020-21-Kansas,2020-21,Kansas,Big 12,AL,12.0,4,1,-16.021501758246387,3.0,3.0
2020-21-IowaSt.,2020-21,Iowa St.,Big 12,,,3,0,,0.0,0.0
2020-21-Louisiana,2020-21,Louisiana,Sun Belt,,,4,0,,0.0,0.0
2020-21-WashingtonSt.,2020-21,Washington St.,Pac-12,,,1,0,,0.0,0.0
2020-21-SouthDakota,2020-21,South Dakota,Summit League,,,4,0,,0.0,0.0
2020-21-Evansville,2020-21,Evansville,MVC,,,4,0,,0.0,0.0
2020-21-Valparaiso,2020-21,Valparaiso,MVC,,,1,0,,0.0,0.0
2020-21-Akron,2020-21,Akron,MAC,,,3,0,,0.0,0.0
2020-21-UIW,2020-21,UIW,Southland,,,2,0,,0.0,0.0
2020-21-Idaho,2020-21,Idaho,Big Sky,,,4,0,,0.0,0.0
2020-21-SacramentoSt.,2020-21,Sacramento St.,Big Sky,,,5,0,,0.0,0.0
2020-21-Omaha,2020-21,Omaha,Summit League,,,5,0,,0.0,0.0
2020-21-Wyoming,2020-21,Wyoming,Mountain West,,,5,0,,0.0,0.0
2020-21-DelawareSt.,2020-21,Delaware St.,MEAC,,,2,0,,0.0,0.0
2020-21-Lipscomb,2020-21,Lipscomb,ASUN,,,2,0,,0.0,0.0
2020-21-UTEP,2020-21,UTEP,CUSA,,,1,0,,0.0,0.0
2020-21-AustinPeay,2020-21,Austin Peay,OVC,,,1,0,,0.0,0.0
2020-21-Illinois,2020-21,Illinois,Big Ten,AQ,3.0,4,1,-8.75961609905617,1.0,1.0
2020-21-UCIrvine,2020-21,UC Irvine,Big West,,,3,0,,0.0,0.0
2020-21-Nicholls,2020-21,Nicholls,Southland,,,3,0,,0.0,0.0
2020-21-NorthwesternSt.,2020-21,Northwestern St.,Southland,,,2,0,,0.0,0.0
2020-21-NorthernAriz.,2020-21,Northern Ariz.,Big Sky,,,5,0,,0.0,0.0
2020-21-Pepperdine,2020-21,Pepperdine,WCC,,,5,0,,0.0,0.0
2020-21-SoutheastMo.St.,2020-21,Southeast Mo. St.,OVC,,,3,0,,0.0,0.0
2020-21-UIC,2020-21,UIC,Horizon,,,1,0,,0.0,0.0
2020-21-Denver,2020-21,Denver,Summit League,,,1,0,,0.0,0.0
2020-21-ArizonaSt.,2020-21,Arizona St.,Pac-12,,,2,0,,0.0,0.0
2020-21-Memphis,2020-21,Memphis,The American,,,5,0,,0.0,0.0
2020-21-Towson,2020-21,Towson,CAA,,,3,0,,0.0,0.0
2020-21-LoyolaChicago,2020-21,Loyola Chicago,MVC,AQ,30.0,5,1,-28.009748285459324,30.0,30.0
2020-21-SMU,2020-21,SMU,The American,,,1,0,,0.0,0.0
2020-21-NorthDakota,2020-21,North Dakota,Summit League,,,4,0,,0.0,0.0
2020-21-Nevada,2020-21,Nevada,Mountain West,,,2,0,,0.0,0.0
2020-21-UMassLowell,2020-21,UMass Lowell,America East,,,5,0,,0.0,0.0
2020-21-SeattleU,2020-21,Seattle U,WAC,,,4,0,,0.0,0.0
2020-21-ETSU,2020-21,ETSU,SoCon,,,5,0,,0.0,0.0
2020-21-Fla.Atlantic,2020-21,Fla. Atlantic,CUSA,,,5,0,,0.0,0.0
2020-21-SacredHeart,2020-21,Sacred Heart,NEC,,,2,0,,0.0,0.0
2020-21-WichitaSt.,2020-21,Wichita St.,The American,AL,45.0,3,1,-46.49714741970083,46.0,46.0
2020-21-SoutheasternLa.,2020-21,Southeastern La.,Southland,,,2,0,,0.0,0.0
2020-21-TexasSouthern,2020-21,Texas Southern,SWAC,AQ,66.0,2,1,-63.02579094235402,66.0,66.0
2020-21-Samford,2020-21,Samford,SoCon,,,3,0,,0.0,0.0
2020-21-Toledo,2020-21,Toledo,MAC,,,2,0,,0.0,0.0
2020-21-MorganSt.,2020-21,Morgan St.,MEAC,,,4,0,,0.0,0.0
2020-21-Arizona,2020-21,Arizona,Pac-12,,,5,0,,0.0,0.0
2020-21-CSUBakersfield,2020-21,CSU Bakersfield,Big West,,,4,0,,0.0,0.0
2020-21-FloridaSt.,2020-21,Florida St.,ACC,AL,13.0,4,1,-25.249460693771834,13.0,13.0
2020-21-Maryland,2020-21,Maryland,Big Ten,AL,36.0,2,1,-33.59823611117129,43.0,43.0
2020-21-LSU,2020-21,LSU,SEC,AL,29.0,1,1,-28.58885164646773,27.0,27.0
2020-21-Tulane,2020-21,Tulane,The American,,,2,0,,0.0,0.0
2020-21-Tulsa,2020-21,Tulsa,The American,,,2,0,,0.0,0.0
2020-21-SantaClara,2020-21,Santa Clara,WCC,,,3,0,,0.0,0.0
2020-21-Niagara,2020-21,Niagara,MAAC,,,1,0,,0.0,0.0
2020-21-SouthDakotaSt.,2020-21,South Dakota St.,Summit League,,,2,0,,0.0,0.0
2020-21-WesternCaro.,2020-21,Western Caro.,SoCon,,,4,0,,0.0,0.0
2020-21-NorthTexas,2020-21,North Texas,CUSA,AQ,52.0,3,1,-53.35735877441934,52.0,52.0
2020-21-SouthernMiss.,2020-21,Southern Miss.,CUSA,,,5,0,,0.0,0.0
2020-21-Dayton,2020-21,Dayton,Atlantic 10,,,5,0,,0.0,0.0
2020-21-EasternMich.,2020-21,Eastern Mich.,MAC,,,5,0,,0.0,0.0
2020-21-Miami(OH),2020-21,Miami (OH),MAC,,,3,0,,0.0,0.0
2020-21-LaSalle,2020-21,La Salle,Atlantic 10,,,1,0,,0.0,0.0
2020-21-Massachusetts,2020-21,Massachusetts,Atlantic 10,,,4,0,,0.0,0.0
2020-21-UtahSt.,2020-21,Utah St.,Mountain West,AL,42.0,5,1,-44.99027839833629,48.0,48.0
2020-21-NCState,2020-21,NC State,ACC,,,5,0,,0.0,0.0
2020-21-CSUN,2020-21,CSUN,Big West,,,1,0,,0.0,0.0
2020-21-SouthFla.,2020-21,South Fla.,The American,,,2,0,,0.0,0.0
2020-21-GeorgiaSt.,2020-21,Georgia St.,Sun Belt,,,4,0,,0.0,0.0
2020-21-Clemson,2020-21,Clemson,ACC,AL,27.0,1,1,-36.86967676565595,31.0,31.0
2020-21-Columbia,2020-21,Columbia,Ivy League,,,3,0,,0.0,0.0
2020-21-OldDominion,2020-21,Old Dominion,CUSA,,,4,0,,0.0,0.0
2020-21-Oakland,2020-21,Oakland,Horizon,,,3,0,,0.0,0.0
2020-21-Binghamton,2020-21,Binghamton,America East,,,3,0,,0.0,0.0
2020-21-Alabama,2020-21,Alabama,SEC,AQ,5.0,1,1,-7.411005667680893,5.0,5.0
2020-21-Gonzaga,2020-21,Gonzaga,WCC,AQ,1.0,4,1,-16.58913370038096,10.0,10.0
2020-21-CentralArk.,2020-21,Central Ark.,Southland,,,3,0,,0.0,0.0
2020-21-LamarUniversity,2020-21,Lamar University,Southland,,,2,0,,0.0,0.0
2020-21-N.C.Central,2020-21,N.C. Central,MEAC,,,5,0,,0.0,0.0
2020-21-Marshall,2020-21,Marshall,CUSA,,,2,0,,0.0,0.0
2020-21-Radford,2020-21,Radford,Big South,,,3,0,,0.0,0.0
2020-21-Gardner-Webb,2020-21,Gardner-Webb,Big South,,,5,0,,0.0,0.0
2020-21-AirForce,2020-21,Air Force,Mountain West,,,1,0,,0.0,0.0
2020-21-SouthernIll.,2020-21,Southern Ill.,MVC,,,5,0,,0.0,0.0
2020-21-UTSA,2020-21,UTSA,CUSA,,,2,0,,0.0,0.0
2020-21-UAB,2020-21,UAB,CUSA,,,3,0,,0.0,0.0
2020-21-UtahValley,2020-21,Utah Valley,WAC,,,1,0,,0.0,0.0
2020-21-Iona,2020-21,Iona,MAAC,AQ,62.0,2,1,-61.21713165546835,62.0,62.0
2020-21-Drake,2020-21,Drake,MVC,AL,48.0,5,1,-44.867596765537826,42.0,42.0
2020-21-Missouri,2020-21,Missouri,SEC,AL,33.0,2,1,-32.73238459390611,37.0,37.0
2020-21-Hawaii,2020-21,Hawaii,Big West,,,3,0,,0.0,0.0
2020-21-SIUE,2020-21,SIUE,OVC,,,5,0,,0.0,0.0
2020-21-Florida,2020-21,Florida,SEC,AL,28.0,3,1,-26.582383940521495,23.0,23.0
2020-21-Manhattan,2020-21,Manhattan,MAAC,,,3,0,,0.0,0.0
2021-22-KennesawSt.,2021-22,Kennesaw St.,ASUN,,,3,0,,0.0,0.0
2021-22-TexasA&M,2021-22,Texas A&M,SEC,,,2,0,,0.0,0.0
2021-22-LoyolaMaryland,2021-22,Loyola Maryland,Patriot,,,2,0,,0.0,0.0
2021-22-UMES,2021-22,UMES,MEAC,,,4,0,,0.0,0.0
2021-22-MississippiSt.,2021-22,Mississippi St.,SEC,,,3,0,,0.0,0.0
2021-22-Pacific,2021-22,Pacific,WCC,,,3,0,,0.0,0.0
2021-22-Texas,2021-22,Texas,Big 12,AL,23.0,5,1,-22.853092182497573,23.0,23.0
2021-22-Dayton,2021-22,Dayton,Atlantic 10,,,4,0,,0.0,0.0
2021-22-UMassLowell,2021-22,UMass Lowell,America East,,,3,0,,0.0,0.0
2021-22-Longwood,2021-22,Longwood,Big South,AQ,55.0,3,1,-57.45103293347823,59.0,59.0
2021-22-Virginia,2021-22,Virginia,ACC,,,2,0,,0.0,0.0
2021-22-SoutheasternLa.,2021-22,Southeastern La.,Southland,,,1,0,,0.0,0.0
2021-22-Penn,2021-22,Penn,Ivy League,,,1,0,,0.0,0.0
2021-22-NorthFlorida,2021-22,North Florida,ASUN,,,5,0,,0.0,0.0
2021-22-MontanaSt.,2021-22,Montana St.,Big Sky,AQ,58.0,5,1,-57.639940839342984,58.0,58.0
2021-22-Akron,2021-22,Akron,MAC,AQ,54.0,1,1,-59.17603738324557,54.0,54.0
2021-22-OldDominion,2021-22,Old Dominion,CUSA,,,4,0,,0.0,0.0
2021-22-UTEP,2021-22,UTEP,CUSA,,,2,0,,0.0,0.0
2021-22-RhodeIsland,2021-22,Rhode Island,Atlantic 10,,,1,0,,0.0,0.0
2021-22-MississippiVal.,2021-22,Mississippi Val.,SWAC,,,4,0,,0.0,0.0
2021-22-Nebraska,2021-22,Nebraska,Big Ten,,,3,0,,0.0,0.0
2021-22-UMBC,2021-22,UMBC,America East,,,1,0,,0.0,0.0
2021-22-Rider,2021-22,Rider,MAAC,,,2,0,,0.0,0.0
2021-22-Michigan,2021-22,Michigan,Big Ten,AL,42.0,1,1,-36.377901060268655,38.0,38.0
2021-22-HoustonChristian,2021-22,Houston Christian,Southland,,,3,0,,0.0,0.0
2021-22-Campbell,2021-22,Campbell,Big South,,,3,0,,0.0,0.0
2021-22-NCState,2021-22,NC State,ACC,,,3,0,,0.0,0.0
2021-22-CSUN,2021-22,CSUN,Big West,,,4,0,,0.0,0.0
2021-22-OhioSt.,2021-22,Ohio St.,Big Ten,AL,28.0,3,1,-25.595590351095446,28.0,28.0
2021-22-KansasSt.,2021-22,Kansas St.,Big 12,,,3,0,,0.0,0.0
2021-22-UCSanDiego,2021-22,UC San Diego,Big West,,,2,0,,0.0,0.0
2021-22-UCLA,2021-22,UCLA,Pac-12,AL,13.0,2,1,-14.323945388229994,13.0,13.0
2021-22-Omaha,2021-22,Omaha,Summit League,,,2,0,,0.0,0.0
2021-22-Missouri,2021-22,Missouri,SEC,,,5,0,,0.0,0.0
2021-22-UtahValley,2021-22,Utah Valley,WAC,,,5,0,,0.0,0.0
2021-22-Xavier,2021-22,Xavier,Big East,,,3,0,,0.0,0.0
2021-22-LoyolaChicago,2021-22,Loyola Chicago,MVC,AQ,39.0,4,1,-25.266378082014953,31.0,31.0
2021-22-UIW,2021-22,UIW,Southland,,,4,0,,0.0,0.0
2021-22-Bradley,2021-22,Bradley,MVC,,,5,0,,0.0,0.0
2021-22-Northwestern,2021-22,Northwestern,Big Ten,,,4,0,,0.0,0.0
2021-22-ClevelandSt.,2021-22,Cleveland St.,Horizon,,,3,0,,0.0,0.0
2021-22-NorthCarolina,2021-22,North Carolina,ACC,AL,30.0,4,1,-32.38398466983539,39.0,39.0
2021-22-SouthCarolinaSt.,2021-22,South Carolina St.,MEAC,,,5,0,,0.0,0.0
2021-22-OleMiss,2021-22,Ole Miss,SEC,,,1,0,,0.0,0.0
2021-22-CoastalCarolina,2021-22,Coastal Carolina,Sun Belt,,,1,0,,0.0,0.0
2021-22-PurdueFortWayne,2021-22,Purdue Fort Wayne,Horizon,,,5,0,,0.0,0.0
2021-22-VCU,2021-22,VCU,Atlantic 10,,,2,0,,0.0,0.0
2021-22-Kansas,2021-22,Kansas,Big 12,AQ,3.0,3,1,-3.680728749953321,3.0,3.0
2021-22-UAB,2021-22,UAB,CUSA,AQ,48.0,3,1,-45.65981605038526,48.0,48.0
2021-22-LaSalle,2021-22,La Salle,Atlantic 10,,,5,0,,0.0,0.0
2021-22-Duquesne,2021-22,Duquesne,Atlantic 10,,,2,0,,0.0,0.0
2021-22-AustinPeay,2021-22,Austin Peay,OVC,,,5,0,,0.0,0.0
2021-22-Fairfield,2021-22,Fairfield,MAAC,,,3,0,,0.0,0.0
2021-22-NewMexicoSt.,2021-22,New Mexico St.,WAC,AQ,50.0,1,1,-49.46040330607474,50.0,50.0
2021-22-NJIT,2021-22,NJIT,America East,,,3,0,,0.0,0.0
2021-22-EasternWash.,2021-22,Eastern Wash.,Big Sky,,,5,0,,0.0,0.0
2021-22-Baylor,2021-22,Baylor,Big 12,AL,4.0,2,1,-6.489474835699397,4.0,4.0
2021-22-SFA,2021-22,SFA,WAC,,,1,0,,0.0,0.0
2021-22-Rutgers,2021-22,Rutgers,Big Ten,AL,44.0,2,1,-43.84853391867371,46.0,46.0
2021-22-Miami(OH),2021-22,Miami (OH),MAC,,,2,0,,0.0,0.0
2021-22-SaintLouis,2021-22,Saint Louis,Atlantic 10,,,1,0,,0.0,0.0
2021-22-NorthTexas,2021-22,North Texas,CUSA,,,1,0,,0.0,0.0
2021-22-Brown,2021-22,Brown,Ivy League,,,3,0,,0.0,0.0
2021-22-WestVirginia,2021-22,West Virginia,Big 12,,,1,0,,0.0,0.0
2021-22-FresnoSt.,2021-22,Fresno St.,Mountain West,,,2,0,,0.0,0.0
2021-22-St.Bonaventure,2021-22,St. Bonaventure,Atlantic 10,,,5,0,,0.0,0.0
2021-22-NorthDakota,2021-22,North Dakota,Summit League,,,4,0,,0.0,0.0
2021-22-SouthDakota,2021-22,South Dakota,Summit League,,,4,0,,0.0,0.0
2021-22-Dartmouth,2021-22,Dartmouth,Ivy League,,,5,0,,0.0,0.0
2021-22-UNLV,2021-22,UNLV,Mountain West,,,2,0,,0.0,0.0
2021-22-Maine,2021-22,Maine,America East,,,4,0,,0.0,0.0
2021-22-TexasSouthern,2021-22,Texas Southern,SWAC,AQ,67.0,4,1,-61.22314764085709,66.0,66.0
2021-22-Evansville,2021-22,Evansville,MVC,,,1,0,,0.0,0.0
2021-22-NorthernAriz.,2021-22,Northern Ariz.,Big Sky,,,5,0,,0.0,0.0
2021-22-Troy,2021-22,Troy,Sun Belt,,,2,0,,0.0,0.0
2021-22-Oregon,2021-22,Oregon,Pac-12,,,2,0,,0.0,0.0
2021-22-Bellarmine,2021-22,Bellarmine,ASUN,,,5,0,,0.0,0.0
2021-22-UNCGreensboro,2021-22,UNC Greensboro,SoCon,,,4,0,,0.0,0.0
2021-22-UConn,2021-22,UConn,Big East,AL,17.0,4,1,-17.44539136580771,18.0,18.0
2021-22-SantaClara,2021-22,Santa Clara,WCC,,,3,0,,0.0,0.0
2021-22-UCIrvine,2021-22,UC Irvine,Big West,,,2,0,,0.0,0.0
2021-22-Villanova,2021-22,Villanova,Big East,AQ,7.0,5,1,-8.742965758956945,6.0,6.0
2021-22-ChicagoSt.,2021-22,Chicago St.,WAC,,,1,0,,0.0,0.0
2021-22-CalSt.Fullerton,2021-22,Cal St. Fullerton,Big West,AQ,62.0,2,1,-61.73951445267993,62.0,62.0
2021-22-CentralArk.,2021-22,Central Ark.,ASUN,,,2,0,,0.0,0.0
2021-22-American,2021-22,American,Patriot,,,2,0,,0.0,0.0
2021-22-Navy,2021-22,Navy,Patriot,,,4,0,,0.0,0.0
2021-22-GeorgiaSt.,2021-22,Georgia St.,Sun Belt,AQ,63.0,2,1,-63.18006009999118,63.0,63.0
2021-22-Washington,2021-22,Washington,Pac-12,,,5,0,,0.0,0.0
2021-22-Lipscomb,2021-22,Lipscomb,ASUN,,,1,0,,0.0,0.0
2021-22-WashingtonSt.,2021-22,Washington St.,Pac-12,,,5,0,,0.0,0.0
2021-22-GeorgeMason,2021-22,George Mason,Atlantic 10,,,2,0,,0.0,0.0
2021-22-SouthernMiss.,2021-22,Southern Miss.,CUSA,,,3,0,,0.0,0.0
2021-22-Temple,2021-22,Temple,The American,,,3,0,,0.0,0.0
2021-22-MountSt.Mary's,2021-22,Mount St. Mary's,NEC,,,4,0,,0.0,0.0
2021-22-TheCitadel,2021-22,The Citadel,SoCon,,,3,0,,0.0,0.0
2021-22-LSU,2021-22,LSU,SEC,AL,22.0,2,1,-17.89124112162362,21.0,21.0
2021-22-SouthAlabama,2021-22,South Alabama,Sun Belt,,,2,0,,0.0,0.0
2021-22-SanDiegoSt.,2021-22,San Diego St.,Mountain West,AL,31.0,4,1,-24.050800583047153,30.0,30.0
2021-22-DePaul,2021-22,DePaul,Big East,,,5,0,,0.0,0.0
2021-22-LittleRock,2021-22,Little Rock,Sun Belt,,,2,0,,0.0,0.0
2021-22-Elon,2021-22,Elon,CAA,,,4,0,,0.0,0.0
2021-22-N.C.Central,2021-22,N.C. Central,MEAC,,,2,0,,0.0,0.0
2021-22-Louisville,2021-22,Louisville,ACC,,,4,0,,0.0,0.0
2021-22-NorfolkSt.,2021-22,Norfolk St.,MEAC,AQ,64.0,3,1,-60.272653266120955,64.0,64.0
2021-22-WesternIll.,2021-22,Western Ill.,Summit League,,,4,0,,0.0,0.0
2021-22-LamarUniversity,2021-22,Lamar University,WAC,,,2,0,,0.0,0.0
2021-22-Quinnipiac,2021-22,Quinnipiac,MAAC,,,3,0,,0.0,0.0
2021-22-Manhattan,2021-22,Manhattan,MAAC,,,5,0,,0.0,0.0
2021-22-McNeese,2021-22,McNeese,Southland,,,5,0,,0.0,0.0
2021-22-NorthAla.,2021-22,North Ala.,ASUN,,,5,0,,0.0,0.0
2021-22-Georgetown,2021-22,Georgetown,Big East,,,4,0,,0.0,0.0
2021-22-Arkansas,2021-22,Arkansas,SEC,AL,16.0,1,1,-17.78303924707508,16.0,16.0
2021-22-BowlingGreen,2021-22,Bowling Green,MAC,,,2,0,,0.0,0.0
2021-22-Furman,2021-22,Furman,SoCon,,,5,0,,0.0,0.0
2021-22-UtahTech,2021-22,Utah Tech,WAC,,,5,0,,0.0,0.0
2021-22-SaintMary's(CA),2021-22,Saint Mary's (CA),WCC,AL,19.0,1,1,-19.613814161352085,19.0,19.0
2021-22-SIUE,2021-22,SIUE,OVC,,,2,0,,0.0,0.0
2021-22-Princeton,2021-22,Princeton,Ivy League,,,3,0,,0.0,0.0
2021-22-CSUBakersfield,2021-22,CSU Bakersfield,Big West,,,1,0,,0.0,0.0
2021-22-Liberty,2021-22,Liberty,ASUN,,,3,0,,0.0,0.0
2021-22-Providence,2021-22,Providence,Big East,AL,15.0,3,1,-21.355117823040835,15.0,15.0
2021-22-SetonHall,2021-22,Seton Hall,Big East,AL,32.0,5,1,-32.7343329383315,32.0,32.0
2021-22-LongBeachSt.,2021-22,Long Beach St.,Big West,,,2,0,,0.0,0.0
2021-22-SouthernUtah,2021-22,Southern Utah,Big Sky,,,1,0,,0.0,0.0
2021-22-IdahoSt.,2021-22,Idaho St.,Big Sky,,,1,0,,0.0,0.0
2021-22-Hartford,2021-22,Hartford,America East,,,4,0,,0.0,0.0
2021-22-Hawaii,2021-22,Hawaii,Big West,,,2,0,,0.0,0.0
2021-22-UAlbany,2021-22,UAlbany,America East,,,1,0,,0.0,0.0
2021-22-UtahSt.,2021-22,Utah St.,Mountain West,,,2,0,,0.0,0.0
2021-22-MoreheadSt.,2021-22,Morehead St.,OVC,,,1,0,,0.0,0.0
2021-22-GreenBay,2021-22,Green Bay,Horizon,,,2,0,,0.0,0.0
2021-22-Tennessee,2021-22,Tennessee,SEC,AQ,10.0,1,1,-4.290901751883666,1.0,1.0
2021-22-William&Mary,2021-22,William & Mary,CAA,,,1,0,,0.0,0.0
2021-22-A&M-CorpusChristi,2021-22,A&M-Corpus Christi,Southland,AQ,68.0,4,1,-65.09001931460233,68.0,68.0
2021-22-Auburn,2021-22,Auburn,SEC,AL,5.0,5,1,-10.288527521269582,7.0,7.0
2021-22-FGCU,2021-22,FGCU,ASUN,,,2,0,,0.0,0.0
2021-22-Stanford,2021-22,Stanford,Pac-12,,,1,0,,0.0,0.0
2021-22-Drake,2021-22,Drake,MVC,,,4,0,,0.0,0.0
2021-22-Fordham,2021-22,Fordham,Atlantic 10,,,4,0,,0.0,0.0
2021-22-NorthernColo.,2021-22,Northern Colo.,Big Sky,,,2,0,,0.0,0.0
2021-22-Siena,2021-22,Siena,MAAC,,,4,0,,0.0,0.0
2021-22-SaintJoseph's,2021-22,Saint Joseph's,Atlantic 10,,,1,0,,0.0,0.0
2021-22-AlabamaSt.,2021-22,Alabama St.,SWAC,,,1,0,,0.0,0.0
2021-22-NorthernKy.,2021-22,Northern Ky.,Horizon,,,5,0,,0.0,0.0
2021-22-SouthCarolina,2021-22,South Carolina,SEC,,,1,0,,0.0,0.0
2021-22-Colorado,2021-22,Colorado,Pac-12,,,4,0,,0.0,0.0
2021-22-Howard,2021-22,Howard,MEAC,,,3,0,,0.0,0.0
2021-22-Tulane,2021-22,Tulane,The American,,,1,0,,0.0,0.0
2021-22-Monmouth,2021-22,Monmouth,MAAC,,,1,0,,0.0,0.0
2021-22-CentralMich.,2021-22,Central Mich.,MAC,,,5,0,,0.0,0.0
2021-22-LouisianaTech,2021-22,Louisiana Tech,CUSA,,,4,0,,0.0,0.0
2021-22-IllinoisSt.,2021-22,Illinois St.,MVC,,,4,0,,0.0,0.0
2021-22-St.John's(NY),2021-22,St. John's (NY),Big East,,,3,0,,0.0,0.0
2021-22-Wisconsin,2021-22,Wisconsin,Big Ten,AL,9.0,1,1,-14.340444356318539,10.0,10.0
2021-22-Indiana,2021-22,Indiana,Big Ten,AL,45.0,5,1,-35.701837837373944,35.0,35.0
2021-22-California,2021-22,California,Pac-12,,,1,0,,0.0,0.0
2021-22-AbileneChristian,2021-22,Abilene Christian,WAC,,,3,0,,0.0,0.0
2021-22-MissouriSt.,2021-22,Missouri St.,MVC,,,5,0,,0.0,0.0
2021-22-ETSU,2021-22,ETSU,SoCon,,,3,0,,0.0,0.0
2021-22-WesternCaro.,2021-22,Western Caro.,SoCon,,,2,0,,0.0,0.0
2021-22-GeorgiaTech,2021-22,Georgia Tech,ACC,,,1,0,,0.0,0.0
2021-22-WesternKy.,2021-22,Western Ky.,CUSA,,,3,0,,0.0,0.0
2021-22-Col.ofCharleston,2021-22,Col. of Charleston,CAA,,,4,0,,0.0,0.0
2021-22-FIU,2021-22,FIU,CUSA,,,5,0,,0.0,0.0
2021-22-WichitaSt.,2021-22,Wichita St.,The American,,,4,0,,0.0,0.0
2021-22-EasternMich.,2021-22,Eastern Mich.,MAC,,,2,0,,0.0,0.0
2021-22-Portland,2021-22,Portland,WCC,,,5,0,,0.0,0.0
2021-22-UTMartin,2021-22,UT Martin,OVC,,,1,0,,0.0,0.0
2021-22-UIC,2021-22,UIC,Horizon,,,1,0,,0.0,0.0
2021-22-TennesseeSt.,2021-22,Tennessee St.,OVC,,,5,0,,0.0,0.0
2021-22-Gardner-Webb,2021-22,Gardner-Webb,Big South,,,2,0,,0.0,0.0
2021-22-AirForce,2021-22,Air Force,Mountain West,,,5,0,,0.0,0.0
2021-22-Tulsa,2021-22,Tulsa,The American,,,4,0,,0.0,0.0
2021-22-Bucknell,2021-22,Bucknell,Patriot,,,3,0,,0.0,0.0
2021-22-SeattleU,2021-22,Seattle U,WAC,,,5,0,,0.0,0.0
2021-22-Oklahoma,2021-22,Oklahoma,Big 12,,,5,0,,0.0,0.0
2021-22-Duke,2021-22,Duke,ACC,AL,8.0,3,1,-12.753742221235985,8.0,8.0
2021-22-UTArlington,2021-22,UT Arlington,Sun Belt,,,1,0,,0.0,0.0
2021-22-Lehigh,2021-22,Lehigh,Patriot,,,1,0,,0.0,0.0
2021-22-Ohio,2021-22,Ohio,MAC,,,3,0,,0.0,0.0
2021-22-ArkansasSt.,2021-22,Arkansas St.,Sun Belt,,,5,0,,0.0,0.0
2021-22-StonyBrook,2021-22,Stony Brook,America East,,,1,0,,0.0,0.0
2021-22-Georgia,2021-22,Georgia,SEC,,,3,0,,0.0,0.0
2021-22-Buffalo,2021-22,Buffalo,MAC,,,2,0,,0.0,0.0
2021-22-FDU,2021-22,FDU,NEC,,,1,0,,0.0,0.0
2021-22-CentralConn.St.,2021-22,Central Conn. St.,NEC,,,2,0,,0.0,0.0
2021-22-CoppinSt.,2021-22,Coppin St.,MEAC,,,1,0,,0.0,0.0
2021-22-SacredHeart,2021-22,Sacred Heart,NEC,,,1,0,,0.0,0.0
2021-22-VMI,2021-22,VMI,SoCon,,,4,0,,0.0,0.0
2021-22-Merrimack,2021-22,Merrimack,NEC,,,5,0,,0.0,0.0
2021-22-SouthFla.,2021-22,South Fla.,The American,,,2,0,,0.0,0.0
2021-22-OralRoberts,2021-22,Oral Roberts,Summit League,,,3,0,,0.0,0.0
2021-22-YoungstownSt.,2021-22,Youngstown St.,Horizon,,,1,0,,0.0,0.0
2021-22-Houston,2021-22,Houston,The American,AQ,18.0,4,1,-12.098259124203636,17.0,17.0
2021-22-Hofstra,2021-22,Hofstra,CAA,,,3,0,,0.0,0.0
2021-22-Bryant,2021-22,Bryant,NEC,AQ,66.0,4,1,-61.35161026402806,67.0,67.0
2021-22-Binghamton,2021-22,Binghamton,America East,,,1,0,,0.0,0.0
2021-22-SoutheastMo.St.,2021-22,Southeast Mo. St.,OVC,,,5,0,,0.0,0.0
2021-22-Butler,2021-22,Butler,Big East,,,4,0,,0.0,0.0
2021-22-Bethune-Cookman,2021-22,Bethune-Cookman,SWAC,,,1,0,,0.0,0.0
2021-22-Montana,2021-22,Montana,Big Sky,,,1,0,,0.0,0.0
2021-22-St.Thomas(MN),2021-22,St. Thomas (MN),Summit League,,,2,0,,0.0,0.0
2021-22-Colgate,2021-22,Colgate,Patriot,AQ,57.0,4,1,-60.89976626221123,57.0,57.0
2021-22-Toledo,2021-22,Toledo,MAC,,,3,0,,0.0,0.0
2021-22-Radford,2021-22,Radford,Big South,,,1,0,,0.0,0.0
2021-22-Alabama,2021-22,Alabama,SEC,AL,21.0,2,1,-27.838633831726867,22.0,22.0
2021-22-Clemson,2021-22,Clemson,ACC,,,4,0,,0.0,0.0
2021-22-PrairieView,2021-22,Prairie View,SWAC,,,1,0,,0.0,0.0
2021-22-Minnesota,2021-22,Minnesota,Big Ten,,,3,0,,0.0,0.0
2021-22-TarletonSt.,2021-22,Tarleton St.,WAC,,,3,0,,0.0,0.0
2021-22-CaliforniaBaptist,2021-22,California Baptist,WAC,,,5,0,,0.0,0.0
2021-22-Utah,2021-22,Utah,Pac-12,,,5,0,,0.0,0.0
2021-22-EastCarolina,2021-22,East Carolina,The American,,,5,0,,0.0,0.0
2021-22-BallSt.,2021-22,Ball St.,MAC,,,4,0,,0.0,0.0
2021-22-SMU,2021-22,SMU,The American,,,4,0,,0.0,0.0
2021-22-NorthwesternSt.,2021-22,Northwestern St.,Southland,,,4,0,,0.0,0.0
2021-22-Vanderbilt,2021-22,Vanderbilt,SEC,,,5,0,,0.0,0.0
2021-22-EasternKy.,2021-22,Eastern Ky.,ASUN,,,5,0,,0.0,0.0
2021-22-Syracuse,2021-22,Syracuse,ACC,,,2,0,,0.0,0.0
2021-22-Louisiana,2021-22,Louisiana,Sun Belt,,,1,0,,0.0,0.0
2021-22-Belmont,2021-22,Belmont,OVC,,,4,0,,0.0,0.0
2021-22-AppState,2021-22,App State,Sun Belt,,,1,0,,0.0,0.0
2021-22-Purdue,2021-22,Purdue,Big Ten,AL,11.0,5,1,-11.166060936500923,11.0,11.0
2021-22-MichiganSt.,2021-22,Michigan St.,Big Ten,AL,27.0,2,1,-31.506776613145988,27.0,27.0
2021-22-BoiseSt.,2021-22,Boise St.,Mountain West,AQ,29.0,3,1,-30.025665701485654,29.0,29.0
2021-22-Oakland,2021-22,Oakland,Horizon,,,2,0,,0.0,0.0
2021-22-JacksonvilleSt.,2021-22,Jacksonville St.,ASUN,AQ,61.0,5,1,-60.167892192081595,61.0,61.0
2021-22-Winthrop,2021-22,Winthrop,Big South,,,5,0,,0.0,0.0
2021-22-Harvard,2021-22,Harvard,Ivy League,,,4,0,,0.0,0.0
2021-22-UNCAsheville,2021-22,UNC Asheville,Big South,,,5,0,,0.0,0.0
2021-22-KentSt.,2021-22,Kent St.,MAC,,,4,0,,0.0,0.0
2021-22-Milwaukee,2021-22,Milwaukee,Horizon,,,5,0,,0.0,0.0
2021-22-Vermont,2021-22,Vermont,America East,AQ,53.0,3,1,-52.26514856630999,53.0,53.0
2021-22-NIU,2021-22,NIU,MAC,,,2,0,,0.0,0.0
2021-22-ArizonaSt.,2021-22,Arizona St.,Pac-12,,,3,0,,0.0,0.0
2021-22-ULM,2021-22,ULM,Sun Belt,,,3,0,,0.0,0.0
2021-22-Massachusetts,2021-22,Massachusetts,Atlantic 10,,,4,0,,0.0,0.0
2021-22-Pittsburgh,2021-22,Pittsburgh,ACC,,,3,0,,0.0,0.0
2021-22-SaintPeter's,2021-22,Saint Peter's,MAAC,AQ,60.0,1,1,-60.05394049941225,56.0,56.0
2021-22-Marquette,2021-22,Marquette,Big East,AL,35.0,5,1,-37.316685647393534,45.0,45.0
2021-22-Iona,2021-22,Iona,MAAC,,,4,0,,0.0,0.0
2021-22-N.C.A&T,2021-22,N.C. A&T,Big South,,,3,0,,0.0,0.0
2021-22-Valparaiso,2021-22,Valparaiso,MVC,,,3,0,,0.0,0.0
2021-22-Delaware,2021-22,Delaware,CAA,AQ,59.0,3,1,-57.416646329853975,55.0,55.0
2021-22-VirginiaTech,2021-22,Virginia Tech,ACC,AQ,46.0,2,1,-32.7848718738298,44.0,44.0
2021-22-Columbia,2021-22,Columbia,Ivy League,,,2,0,,0.0,0.0
2021-22-Yale,2021-22,Yale,Ivy League,AQ,56.0,1,1,-62.79627661356098,60.0,60.0
2021-22-Ga.Southern,2021-22,Ga. Southern,Sun Belt,,,3,0,,0.0,0.0
2021-22-MorganSt.,2021-22,Morgan St.,MEAC,,,4,0,,0.0,0.0
2021-22-Kentucky,2021-22,Kentucky,SEC,AL,6.0,5,1,-7.2168624326917765,5.0,5.0
2021-22-Gonzaga,2021-22,Gonzaga,WCC,AQ,1.0,1,1,-7.8414216062705115,9.0,9.0
2021-22-St.FrancisBrooklyn,2021-22,St. Francis Brooklyn,NEC,,,4,0,,0.0,0.0
2021-22-Hampton,2021-22,Hampton,Big South,,,5,0,,0.0,0.0
2021-22-UTSA,2021-22,UTSA,CUSA,,,3,0,,0.0,0.0
2021-22-UCF,2021-22,UCF,The American,,,2,0,,0.0,0.0
2021-22-GeorgeWashington,2021-22,George Washington,Atlantic 10,,,3,0,,0.0,0.0
2021-22-CalPoly,2021-22,Cal Poly,Big West,,,5,0,,0.0,0.0
2021-22-JamesMadison,2021-22,James Madison,CAA,,,4,0,,0.0,0.0
2021-22-Samford,2021-22,Samford,SoCon,,,3,0,,0.0,0.0
2021-22-Cincinnati,2021-22,Cincinnati,The American,,,2,0,,0.0,0.0
2021-22-Rice,2021-22,Rice,CUSA,,,4,0,,0.0,0.0
2021-22-Miami(FL),2021-22,Miami (FL),ACC,AL,38.0,1,1,-43.63729899556069,42.0,42.0
2021-22-WakeForest,2021-22,Wake Forest,ACC,,,4,0,,0.0,0.0
2021-22-Memphis,2021-22,Memphis,The American,AL,36.0,4,1,-31.15561212166668,36.0,36.0
2021-22-BostonU.,2021-22,Boston U.,Patriot,,,4,0,,0.0,0.0
2021-22-Lafayette,2021-22,Lafayette,Patriot,,,5,0,,0.0,0.0
2021-22-ColoradoSt.,2021-22,Colorado St.,Mountain West,AL,24.0,2,1,-29.820637715453216,24.0,24.0
2022-23-Portland,2022-23,Portland,WCC,,,4,0,,0.0,0.0
2022-23-Illinois,2022-23,Illinois,Big Ten,AL,36.0,3,1,-36.37002930909276,37.0,37.0
2022-23-Duke,2022-23,Duke,ACC,AQ,18.0,5,1,-21.254672589606127,18.0,18.0
2022-23-CalPoly,2022-23,Cal Poly,Big West,,,1,0,,0.0,0.0
2022-23-Iona,2022-23,Iona,MAAC,AQ,52.0,4,1,-55.92245136273532,57.0,57.0
2022-23-Brown,2022-23,Brown,Ivy League,,,2,0,,0.0,0.0
2022-23-SetonHall,2022-23,Seton Hall,Big East,,,5,0,,0.0,0.0
2022-23-SouthernIll.,2022-23,Southern Ill.,MVC,,,1,0,,0.0,0.0
2022-23-LoyolaChicago,2022-23,Loyola Chicago,Atlantic 10,,,5,0,,0.0,0.0
2022-23-Hawaii,2022-23,Hawaii,Big West,,,4,0,,0.0,0.0
2022-23-BostonU.,2022-23,Boston U.,Patriot,,,2,0,,0.0,0.0
2022-23-Rutgers,2022-23,Rutgers,Big Ten,,,1,0,,0.0,0.0
2022-23-Campbell,2022-23,Campbell,Big South,,,4,0,,0.0,0.0
2022-23-Providence,2022-23,Providence,Big East,AL,42.0,3,1,-45.61096332577044,45.0,45.0
2022-23-SFA,2022-23,SFA,WAC,,,4,0,,0.0,0.0
2022-23-SaintJoseph's,2022-23,Saint Joseph's,Atlantic 10,,,3,0,,0.0,0.0
2022-23-SoutheasternLa.,2022-23,Southeastern La.,Southland,,,4,0,,0.0,0.0
2022-23-Delaware,2022-23,Delaware,CAA,,,5,0,,0.0,0.0
2022-23-CoppinSt.,2022-23,Coppin St.,MEAC,,,3,0,,0.0,0.0
2022-23-Akron,2022-23,Akron,MAC,,,3,0,,0.0,0.0
2022-23-Arizona,2022-23,Arizona,Pac-12,AQ,7.0,3,1,-11.847266958866523,7.0,7.0
2022-23-Buffalo,2022-23,Buffalo,MAC,,,2,0,,0.0,0.0
2022-23-WashingtonSt.,2022-23,Washington St.,Pac-12,,,2,0,,0.0,0.0
2022-23-Denver,2022-23,Denver,Summit League,,,2,0,,0.0,0.0
2022-23-Lindenwood,2022-23,Lindenwood,OVC,,,2,0,,0.0,0.0
2022-23-WrightSt.,2022-23,Wright St.,Horizon,,,2,0,,0.0,0.0
2022-23-SIUE,2022-23,SIUE,OVC,,,2,0,,0.0,0.0
2022-23-CaliforniaBaptist,2022-23,California Baptist,WAC,,,4,0,,0.0,0.0
2022-23-AirForce,2022-23,Air Force,Mountain West,,,3,0,,0.0,0.0
2022-23-IUIndy,2022-23,IU Indy,Horizon,,,2,0,,0.0,0.0
2022-23-Kentucky,2022-23,Kentucky,SEC,AL,23.0,3,1,-27.995324289636137,15.0,15.0
2022-23-Vermont,2022-23,Vermont,America East,AQ,59.0,3,1,-56.15122804570467,59.0,59.0
2022-23-OklahomaSt.,2022-23,Oklahoma St.,Big 12,,,2,0,,0.0,0.0
2022-23-Monmouth,2022-23,Monmouth,CAA,,,5,0,,0.0,0.0
2022-23-NorthernKy.,2022-23,Northern Ky.,Horizon,AQ,63.0,5,1,-58.815476739981534,63.0,63.0
2022-23-KennesawSt.,2022-23,Kennesaw St.,ASUN,AQ,55.0,2,1,-55.99538033836721,55.0,55.0
2022-23-Yale,2022-23,Yale,Ivy League,,,3,0,,0.0,0.0
2022-23-Memphis,2022-23,Memphis,The American,AQ,29.0,5,1,-31.944175509497352,32.0,32.0
2022-23-Binghamton,2022-23,Binghamton,America East,,,1,0,,0.0,0.0
2022-23-Quinnipiac,2022-23,Quinnipiac,MAAC,,,1,0,,0.0,0.0
2022-23-JacksonvilleSt.,2022-23,Jacksonville St.,ASUN,,,5,0,,0.0,0.0
2022-23-Idaho,2022-23,Idaho,Big Sky,,,1,0,,0.0,0.0
2022-23-Maryland,2022-23,Maryland,Big Ten,AL,31.0,2,1,-32.37544719050891,35.0,35.0
2022-23-CoastalCarolina,2022-23,Coastal Carolina,Sun Belt,,,3,0,,0.0,0.0
2022-23-ColoradoSt.,2022-23,Colorado St.,Mountain West,,,1,0,,0.0,0.0
2022-23-Bethune-Cookman,2022-23,Bethune-Cookman,SWAC,,,5,0,,0.0,0.0
2022-23-UNLV,2022-23,UNLV,Mountain West,,,5,0,,0.0,0.0
2022-23-UAB,2022-23,UAB,CUSA,,,4,0,,0.0,0.0
2022-23-Gonzaga,2022-23,Gonzaga,WCC,AQ,10.0,4,1,-8.712123617856314,10.0,10.0
2022-23-NorthCarolina,2022-23,North Carolina,ACC,,,4,0,,0.0,0.0
2022-23-SouthCarolina,2022-23,South Carolina,SEC,,,3,0,,0.0,0.0
2022-23-Richmond,2022-23,Richmond,Atlantic 10,,,5,0,,0.0,0.0
2022-23-Marist,2022-23,Marist,MAAC,,,1,0,,0.0,0.0
2022-23-DetroitMercy,2022-23,Detroit Mercy,Horizon,,,1,0,,0.0,0.0
2022-23-Chattanooga,2022-23,Chattanooga,SoCon,,,4,0,,0.0,0.0
2022-23-SaintFrancis,2022-23,Saint Francis,NEC,,,4,0,,0.0,0.0
2022-23-JamesMadison,2022-23,James Madison,Sun Belt,,,2,0,,0.0,0.0
2022-23-Tennessee,2022-23,Tennessee,SEC,AL,14.0,5,1,-15.696942483222433,4.0,4.0
2022-23-Miami(OH),2022-23,Miami (OH),MAC,,,4,0,,0.0,0.0
2022-23-Dayton,2022-23,Dayton,Atlantic 10,,,1,0,,0.0,0.0
2022-23-HolyCross,2022-23,Holy Cross,Patriot,,,2,0,,0.0,0.0
2022-23-USCUpstate,2022-23,USC Upstate,Big South,,,2,0,,0.0,0.0
2022-23-Utah,2022-23,Utah,Pac-12,,,5,0,,0.0,0.0
2022-23-Oregon,2022-23,Oregon,Pac-12,,,2,0,,0.0,0.0
2022-23-SacredHeart,2022-23,Sacred Heart,NEC,,,2,0,,0.0,0.0
2022-23-UtahValley,2022-23,Utah Valley,WAC,,,3,0,,0.0,0.0
2022-23-LaSalle,2022-23,La Salle,Atlantic 10,,,4,0,,0.0,0.0
2022-23-Temple,2022-23,Temple,The American,,,4,0,,0.0,0.0
2022-23-ChicagoSt.,2022-23,Chicago St.,DI Independent,,,3,0,,0.0,0.0
2022-23-Marshall,2022-23,Marshall,Sun Belt,,,4,0,,0.0,0.0
2022-23-SanJoseSt.,2022-23,San Jose St.,Mountain West,,,5,0,,0.0,0.0
2022-23-CentralConn.St.,2022-23,Central Conn. St.,NEC,,,2,0,,0.0,0.0
2022-23-JacksonSt.,2022-23,Jackson St.,SWAC,,,4,0,,0.0,0.0
2022-23-Milwaukee,2022-23,Milwaukee,Horizon,,,5,0,,0.0,0.0
2022-23-McNeese,2022-23,McNeese,Southland,,,1,0,,0.0,0.0
2022-23-MississippiVal.,2022-23,Mississippi Val.,SWAC,,,5,0,,0.0,0.0
2022-23-VirginiaTech,2022-23,Virginia Tech,ACC,,,4,0,,0.0,0.0
2022-23-BYU,2022-23,BYU,WCC,,,4,0,,0.0,0.0
2022-23-Presbyterian,2022-23,Presbyterian,Big South,,,2,0,,0.0,0.0
2022-23-Creighton,2022-23,Creighton,Big East,AL,22.0,1,1,-22.494008435572,26.0,26.0
2022-23-Pittsburgh,2022-23,Pittsburgh,ACC,AL,44.0,1,1,-45.78202590114309,44.0,44.0
2022-23-SouthDakota,2022-23,South Dakota,Summit League,,,2,0,,0.0,0.0
2022-23-UConn,2022-23,UConn,Big East,AL,13.0,4,1,-13.453930601561808,13.0,13.0
2022-23-UNCGreensboro,2022-23,UNC Greensboro,SoCon,,,3,0,,0.0,0.0
2022-23-MiddleTenn.,2022-23,Middle Tenn.,CUSA,,,4,0,,0.0,0.0
2022-23-LittleRock,2022-23,Little Rock,OVC,,,3,0,,0.0,0.0
2022-23-Omaha,2022-23,Omaha,Summit League,,,1,0,,0.0,0.0
2022-23-Northeastern,2022-23,Northeastern,CAA,,,4,0,,0.0,0.0
2022-23-Columbia,2022-23,Columbia,Ivy League,,,1,0,,0.0,0.0
2022-23-Princeton,2022-23,Princeton,Ivy League,AQ,61.0,2,1,-56.691677637839796,61.0,61.0
2022-23-Oakland,2022-23,Oakland,Horizon,,,3,0,,0.0,0.0
2022-23-Michigan,2022-23,Michigan,Big Ten,,,5,0,,0.0,0.0
2022-23-St.Thomas(MN),2022-23,St. Thomas (MN),Summit League,,,4,0,,0.0,0.0
2022-23-CharlestonSo.,2022-23,Charleston So.,Big South,,,5,0,,0.0,0.0
2022-23-Ohio,2022-23,Ohio,MAC,,,3,0,,0.0,0.0
2022-23-FloridaSt.,2022-23,Florida St.,ACC,,,3,0,,0.0,0.0
2022-23-Penn,2022-23,Penn,Ivy League,,,1,0,,0.0,0.0
2022-23-UtahSt.,2022-23,Utah St.,Mountain West,AL,40.0,1,1,-20.434045274032343,22.0,22.0
2022-23-Lipscomb,2022-23,Lipscomb,ASUN,,,3,0,,0.0,0.0
2022-23-WestVirginia,2022-23,West Virginia,Big 12,AL,34.0,5,1,-28.99671089102948,29.0,29.0
2022-23-AppState,2022-23,App State,Sun Belt,,,2,0,,0.0,0.0
2022-23-AlabamaA&M,2022-23,Alabama A&M,SWAC,,,3,0,,0.0,0.0
2022-23-DelawareSt.,2022-23,Delaware St.,MEAC,,,1,0,,0.0,0.0
2022-23-GeorgeWashington,2022-23,George Washington,Atlantic 10,,,1,0,,0.0,0.0
2022-23-UNCAsheville,2022-23,UNC Asheville,Big South,AQ,62.0,4,1,-57.865856281895674,62.0,62.0
2022-23-Harvard,2022-23,Harvard,Ivy League,,,1,0,,0.0,0.0
2022-23-MoreheadSt.,2022-23,Morehead St.,OVC,,,2,0,,0.0,0.0
2022-23-FloridaA&M,2022-23,Florida A&M,SWAC,,,3,0,,0.0,0.0
2022-23-MorganSt.,2022-23,Morgan St.,MEAC,,,1,0,,0.0,0.0
2022-23-FGCU,2022-23,FGCU,ASUN,,,5,0,,0.0,0.0
2022-23-MountSt.Mary's,2022-23,Mount St. Mary's,MAAC,,,3,0,,0.0,0.0
2022-23-Minnesota,2022-23,Minnesota,Big Ten,,,3,0,,0.0,0.0
2022-23-BowlingGreen,2022-23,Bowling Green,MAC,,,4,0,,0.0,0.0
2022-23-IowaSt.,2022-23,Iowa St.,Big 12,AL,21.0,4,1,-23.017724968082973,16.0,16.0
2022-23-LoyolaMaryland,2022-23,Loyola Maryland,Patriot,,,5,0,,0.0,0.0
2022-23-Wisconsin,2022-23,Wisconsin,Big Ten,,,2,0,,0.0,0.0
2022-23-UMES,2022-23,UMES,MEAC,,,2,0,,0.0,0.0
2022-23-TexasA&M,2022-23,Texas A&M,SEC,AL,25.0,2,1,-17.74724977062725,24.0,24.0
2022-23-Dartmouth,2022-23,Dartmouth,Ivy League,,,5,0,,0.0,0.0
2022-23-Tulane,2022-23,Tulane,The American,,,2,0,,0.0,0.0
2022-23-IllinoisSt.,2022-23,Illinois St.,MVC,,,3,0,,0.0,0.0
2022-23-UMassLowell,2022-23,UMass Lowell,America East,,,3,0,,0.0,0.0
2022-23-Auburn,2022-23,Auburn,SEC,AL,35.0,2,1,-31.113468130038274,31.0,31.0
2022-23-Nevada,2022-23,Nevada,Mountain West,AL,46.0,2,1,-37.763040744195806,46.0,46.0
2022-23-UtahTech,2022-23,Utah Tech,WAC,,,1,0,,0.0,0.0
2022-23-NorfolkSt.,2022-23,Norfolk St.,MEAC,,,4,0,,0.0,0.0
2022-23-Longwood,2022-23,Longwood,Big South,,,1,0,,0.0,0.0
2022-23-ETSU,2022-23,ETSU,SoCon,,,5,0,,0.0,0.0
2022-23-OldDominion,2022-23,Old Dominion,Sun Belt,,,1,0,,0.0,0.0
2022-23-EastTexasA&M,2022-23,East Texas A&M,Southland,,,1,0,,0.0,0.0
2022-23-Navy,2022-23,Navy,Patriot,,,1,0,,0.0,0.0
2022-23-Clemson,2022-23,Clemson,ACC,,,2,0,,0.0,0.0
2022-23-WichitaSt.,2022-23,Wichita St.,The American,,,4,0,,0.0,0.0
2022-23-FresnoSt.,2022-23,Fresno St.,Mountain West,,,2,0,,0.0,0.0
2022-23-Texas,2022-23,Texas,Big 12,AQ,6.0,3,1,-7.432083590598534,6.0,6.0
2022-23-Nicholls,2022-23,Nicholls,Southland,,,5,0,,0.0,0.0
2022-23-WesternIll.,2022-23,Western Ill.,Summit League,,,5,0,,0.0,0.0
2022-23-SaintMary's(CA),2022-23,Saint Mary's (CA),WCC,AL,19.0,1,1,-16.76566881769338,19.0,19.0
2022-23-BostonCollege,2022-23,Boston College,ACC,,,2,0,,0.0,0.0
2022-23-GrandCanyon,2022-23,Grand Canyon,WAC,AQ,57.0,4,1,-51.134643087562274,52.0,52.0
2022-23-Toledo,2022-23,Toledo,MAC,,,1,0,,0.0,0.0
2022-23-UTSA,2022-23,UTSA,CUSA,,,1,0,,0.0,0.0
2022-23-ArmyWestPoint,2022-23,Army West Point,Patriot,,,3,0,,0.0,0.0
2022-23-Bryant,2022-23,Bryant,America East,,,5,0,,0.0,0.0
2022-23-NotreDame,2022-23,Notre Dame,ACC,,,2,0,,0.0,0.0
2022-23-Niagara,2022-23,Niagara,MAAC,,,2,0,,0.0,0.0
2022-23-Gardner-Webb,2022-23,Gardner-Webb,Big South,,,4,0,,0.0,0.0
2022-23-IndianaSt.,2022-23,Indiana St.,MVC,,,1,0,,0.0,0.0
2022-23-Cincinnati,2022-23,Cincinnati,The American,,,5,0,,0.0,0.0
2022-23-StonyBrook,2022-23,Stony Brook,CAA,,,3,0,,0.0,0.0
2022-23-Stanford,2022-23,Stanford,Pac-12,,,5,0,,0.0,0.0
2022-23-UNCW,2022-23,UNCW,CAA,,,5,0,,0.0,0.0
2022-23-UAlbany,2022-23,UAlbany,America East,,,5,0,,0.0,0.0
2022-23-St.John's(NY),2022-23,St. John's (NY),Big East,,,2,0,,0.0,0.0
2022-23-St.Bonaventure,2022-23,St. Bonaventure,Atlantic 10,,,3,0,,0.0,0.0
2022-23-Colorado,2022-23,Colorado,Pac-12,,,4,0,,0.0,0.0
2022-23-KansasSt.,2022-23,Kansas St.,Big 12,AL,11.0,3,1,-19.924030129579993,11.0,11.0
2022-23-NorthTexas,2022-23,North Texas,CUSA,,,3,0,,0.0,0.0
2022-23-Davidson,2022-23,Davidson,Atlantic 10,,,2,0,,0.0,0.0
2022-23-YoungstownSt.,2022-23,Youngstown St.,Horizon,,,3,0,,0.0,0.0
2022-23-Oklahoma,2022-23,Oklahoma,Big 12,,,3,0,,0.0,0.0
2022-23-Maine,2022-23,Maine,America East,,,5,0,,0.0,0.0
2022-23-SacramentoSt.,2022-23,Sacramento St.,Big Sky,,,2,0,,0.0,0.0
2022-23-HighPoint,2022-23,High Point,Big South,,,5,0,,0.0,0.0
2022-23-SanDiego,2022-23,San Diego,WCC,,,3,0,,0.0,0.0
2022-23-Syracuse,2022-23,Syracuse,ACC,,,1,0,,0.0,0.0
2022-23-UCDavis,2022-23,UC Davis,Big West,,,2,0,,0.0,0.0
2022-23-Queens(NC),2022-23,Queens (NC),ASUN,,,5,0,,0.0,0.0
2022-23-SouthernMiss.,2022-23,Southern Miss.,Sun Belt,,,2,0,,0.0,0.0
2022-23-SaintPeter's,2022-23,Saint Peter's,MAAC,,,4,0,,0.0,0.0
2022-23-N.C.A&T,2022-23,N.C. A&T,CAA,,,4,0,,0.0,0.0
2022-23-Tulsa,2022-23,Tulsa,The American,,,4,0,,0.0,0.0
2022-23-CentralArk.,2022-23,Central Ark.,ASUN,,,1,0,,0.0,0.0
2022-23-SouthernU.,2022-23,Southern U.,SWAC,,,1,0,,0.0,0.0
2022-23-WesternKy.,2022-23,Western Ky.,CUSA,,,4,0,,0.0,0.0
2022-23-AlabamaSt.,2022-23,Alabama St.,SWAC,,,1,0,,0.0,0.0
2022-23-Radford,2022-23,Radford,Big South,,,4,0,,0.0,0.0
2022-23-SouthernInd.,2022-23,Southern Ind.,OVC,,,5,0,,0.0,0.0
2022-23-Duquesne,2022-23,Duquesne,Atlantic 10,,,1,0,,0.0,0.0
2022-23-Iowa,2022-23,Iowa,Big Ten,AL,32.0,5,1,-36.39044079170433,34.0,34.0
2022-23-Marquette,2022-23,Marquette,Big East,AQ,8.0,2,1,-15.464419532672174,8.0,8.0
2022-23-NorthFlorida,2022-23,North Florida,ASUN,,,4,0,,0.0,0.0
2022-23-TexasSt.,2022-23,Texas St.,Sun Belt,,,2,0,,0.0,0.0
2022-23-SouthernUtah,2022-23,Southern Utah,WAC,,,4,0,,0.0,0.0
2022-23-Grambling,2022-23,Grambling,SWAC,,,5,0,,0.0,0.0
2022-23-GeorgiaSt.,2022-23,Georgia St.,Sun Belt,,,4,0,,0.0,0.0
2022-23-Wofford,2022-23,Wofford,SoCon,,,5,0,,0.0,0.0
2022-23-Belmont,2022-23,Belmont,MVC,,,3,0,,0.0,0.0
2022-23-Elon,2022-23,Elon,CAA,,,3,0,,0.0,0.0
2022-23-Evansville,2022-23,Evansville,MVC,,,4,0,,0.0,0.0
2022-23-Canisius,2022-23,Canisius,MAAC,,,1,0,,0.0,0.0
2022-23-CentralMich.,2022-23,Central Mich.,MAC,,,3,0,,0.0,0.0
2022-23-EasternKy.,2022-23,Eastern Ky.,ASUN,,,1,0,,0.0,0.0
2022-23-Winthrop,2022-23,Winthrop,Big South,,,2,0,,0.0,0.0
2022-23-PortlandSt.,2022-23,Portland St.,Big Sky,,,4,0,,0.0,0.0
2022-23-SouthDakotaSt.,2022-23,South Dakota St.,Summit League,,,5,0,,0.0,0.0
2022-23-UTArlington,2022-23,UT Arlington,WAC,,,2,0,,0.0,0.0
2022-23-UCLA,2022-23,UCLA,Pac-12,AL,5.0,2,1,-10.81704702935841,5.0,5.0
2022-23-Charlotte,2022-23,Charlotte,CUSA,,,3,0,,0.0,0.0
2022-23-NorthwesternSt.,2022-23,Northwestern St.,Southland,,,1,0,,0.0,0.0
2022-23-Georgetown,2022-23,Georgetown,Big East,,,5,0,,0.0,0.0
2022-23-UTMartin,2022-23,UT Martin,OVC,,,5,0,,0.0,0.0
2022-23-CalSt.Fullerton,2022-23,Cal St. Fullerton,Big West,,,2,0,,0.0,0.0
2022-23-Valparaiso,2022-23,Valparaiso,MVC,,,3,0,,0.0,0.0
2022-23-SMU,2022-23,SMU,The American,,,4,0,,0.0,0.0
2022-23-California,2022-23,California,Pac-12,,,3,0,,0.0,0.0
2022-23-EasternWash.,2022-23,Eastern Wash.,Big Sky,,,2,0,,0.0,0.0
2022-23-Villanova,2022-23,Villanova,Big East,,,2,0,,0.0,0.0
2022-23-UIW,2022-23,UIW,Southland,,,3,0,,0.0,0.0
2022-23-Indiana,2022-23,Indiana,Big Ten,AL,15.0,3,1,-31.104766388064284,23.0,23.0
2022-23-SantaClara,2022-23,Santa Clara,WCC,,,1,0,,0.0,0.0
2022-23-FDU,2022-23,FDU,NEC,AQ,68.0,1,1,-67.92224174203339,68.0,68.0
2022-23-SanFrancisco,2022-23,San Francisco,WCC,,,1,0,,0.0,0.0
2022-23-ULM,2022-23,ULM,Sun Belt,,,2,0,,0.0,0.0
2022-23-NorthernColo.,2022-23,Northern Colo.,Big Sky,,,4,0,,0.0,0.0
2022-23-Fordham,2022-23,Fordham,Atlantic 10,,,4,0,,0.0,0.0
2022-23-N.C.Central,2022-23,N.C. Central,MEAC,,,3,0,,0.0,0.0
2022-23-Louisville,2022-23,Louisville,ACC,,,5,0,,0.0,0.0
2022-23-NCState,2022-23,NC State,ACC,AL,41.0,5,1,-40.68370847445245,41.0,41.0
2022-23-NJIT,2022-23,NJIT,America East,,,1,0,,0.0,0.0
2022-23-ArizonaSt.,2022-23,Arizona St.,Pac-12,AL,45.0,3,1,-45.1244173649564,42.0,42.0
2022-23-CSUBakersfield,2022-23,CSU Bakersfield,Big West,,,4,0,,0.0,0.0
2022-23-Hofstra,2022-23,Hofstra,CAA,,,2,0,,0.0,0.0
2022-23-WeberSt.,2022-23,Weber St.,Big Sky,,,3,0,,0.0,0.0
2022-23-UCF,2022-23,UCF,The American,,,2,0,,0.0,0.0
2022-23-SouthFla.,2022-23,South Fla.,The American,,,2,0,,0.0,0.0
2022-23-Fla.Atlantic,2022-23,Fla. Atlantic,CUSA,AQ,33.0,1,1,-25.718071164071446,33.0,33.0
2022-23-OralRoberts,2022-23,Oral Roberts,Summit League,AQ,48.0,4,1,-45.589455946880555,48.0,48.0
2022-23-BoiseSt.,2022-23,Boise St.,Mountain West,AL,37.0,3,1,-35.21115931797681,36.0,36.0
2022-23-ClevelandSt.,2022-23,Cleveland St.,Horizon,,,5,0,,0.0,0.0
2022-23-SeattleU,2022-23,Seattle U,WAC,,,1,0,,0.0,0.0
2022-23-NorthAla.,2022-23,North Ala.,ASUN,,,1,0,,0.0,0.0
2022-23-LSU,2022-23,LSU,SEC,,,5,0,,0.0,0.0
2022-23-WesternCaro.,2022-23,Western Caro.,SoCon,,,5,0,,0.0,0.0
2022-23-OregonSt.,2022-23,Oregon St.,Pac-12,,,1,0,,0.0,0.0
2022-23-Cornell,2022-23,Cornell,Ivy League,,,1,0,,0.0,0.0
2022-23-UMBC,2022-23,UMBC,America East,,,5,0,,0.0,0.0
2022-23-OhioSt.,2022-23,Ohio St.,Big Ten,,,3,0,,0.0,0.0
2022-23-NorthDakota,2022-23,North Dakota,Summit League,,,1,0,,0.0,0.0
2022-23-UCIrvine,2022-23,UC Irvine,Big West,,,1,0,,0.0,0.0
2022-23-PrairieView,2022-23,Prairie View,SWAC,,,5,0,,0.0,0.0
2022-23-GeorgiaTech,2022-23,Georgia Tech,ACC,,,4,0,,0.0,0.0
2022-23-Massachusetts,2022-23,Massachusetts,Atlantic 10,,,5,0,,0.0,0.0
2022-23-OleMiss,2022-23,Ole Miss,SEC,,,3,0,,0.0,0.0
2022-23-Missouri,2022-23,Missouri,SEC,AL,27.0,4,1,-36.513739857547456,27.0,27.0
2022-23-WakeForest,2022-23,Wake Forest,ACC,,,1,0,,0.0,0.0
2022-23-ArkansasSt.,2022-23,Arkansas St.,Sun Belt,,,3,0,,0.0,0.0
2022-23-Ga.Southern,2022-23,Ga. Southern,Sun Belt,,,4,0,,0.0,0.0
2022-23-UCRiverside,2022-23,UC Riverside,Big West,,,5,0,,0.0,0.0
2022-23-Virginia,2022-23,Virginia,ACC,AL,16.0,4,1,-28.94545249266249,21.0,21.0
2022-23-LamarUniversity,2022-23,Lamar University,Southland,,,4,0,,0.0,0.0
2022-23-MissouriSt.,2022-23,Missouri St.,MVC,,,5,0,,0.0,0.0
2022-23-RobertMorris,2022-23,Robert Morris,Horizon,,,3,0,,0.0,0.0
2022-23-Manhattan,2022-23,Manhattan,MAAC,,,4,0,,0.0,0.0
2022-23-Purdue,2022-23,Purdue,Big Ten,AQ,4.0,5,1,-6.764271901084761,2.0,2.0
2022-23-Houston,2022-23,Houston,The American,AL,2.0,5,1,-17.141172496270205,14.0,14.0
2022-23-AustinPeay,2022-23,Austin Peay,ASUN,,,5,0,,0.0,0.0
2022-23-Colgate,2022-23,Colgate,Patriot,AQ,60.0,1,1,-56.00004906148634,60.0,60.0
2022-23-Mercer,2022-23,Mercer,SoCon,,,1,0,,0.0,0.0
2022-23-Wagner,2022-23,Wagner,NEC,,,4,0,,0.0,0.0
2022-23-Howard,2022-23,Howard,MEAC,AQ,64.0,2,1,-63.84991340208515,64.0,64.0
2022-23-Wyoming,2022-23,Wyoming,Mountain West,,,3,0,,0.0,0.0
2022-23-SaintLouis,2022-23,Saint Louis,Atlantic 10,,,4,0,,0.0,0.0
2022-23-UNI,2022-23,UNI,MVC,,,2,0,,0.0,0.0
2022-23-Florida,2022-23,Florida,SEC,,,3,0,,0.0,0.0
2022-23-PennSt.,2022-23,Penn St.,Big Ten,AL,38.0,1,1,-38.986836871087675,40.0,40.0
2022-23-MichiganSt.,2022-23,Michigan St.,Big Ten,AL,26.0,1,1,-30.460625074864026,38.0,38.0
2022-23-NewHampshire,2022-23,New Hampshire,America East,,,2,0,,0.0,0.0
2022-23-Pepperdine,2022-23,Pepperdine,WCC,,,5,0,,0.0,0.0
2022-23-WesternMich.,2022-23,Western Mich.,MAC,,,3,0,,0.0,0.0
2022-23-TCU,2022-23,TCU,Big 12,AL,24.0,2,1,-28.165058223401125,25.0,25.0
2022-23-UIC,2022-23,UIC,MVC,,,3,0,,0.0,0.0
2023-24-Bryant,2023-24,Bryant,America East,,,5,0,,0.0,0.0
2023-24-Nevada,2023-24,Nevada,Mountain West,AL,37.0,5,1,-29.807597541366615,37.0,37.0
2023-24-SaintMary's(CA),2023-24,Saint Mary's (CA),WCC,AQ,20.0,5,1,-24.59795679909081,18.0,18.0
2023-24-EasternMich.,2023-24,Eastern Mich.,MAC,,,1,0,,0.0,0.0
2023-24-Providence,2023-24,Providence,Big East,,,4,0,,0.0,0.0
2023-24-NorthernKy.,2023-24,Northern Ky.,Horizon,,,3,0,,0.0,0.0
2023-24-UCIrvine,2023-24,UC Irvine,Big West,,,4,0,,0.0,0.0
2023-24-UCSanDiego,2023-24,UC San Diego,Big West,,,2,0,,0.0,0.0
2023-24-Queens(NC),2023-24,Queens (NC),ASUN,,,4,0,,0.0,0.0
2023-24-GeorgiaTech,2023-24,Georgia Tech,ACC,,,5,0,,0.0,0.0
2023-24-CSUBakersfield,2023-24,CSU Bakersfield,Big West,,,1,0,,0.0,0.0
2023-24-Pittsburgh,2023-24,Pittsburgh,ACC,,,5,0,,0.0,0.0
2023-24-FresnoSt.,2023-24,Fresno St.,Mountain West,,,2,0,,0.0,0.0
2023-24-McNeese,2023-24,McNeese,Southland,AQ,49.0,4,1,-51.61061402180779,49.0,49.0
2023-24-Tulane,2023-24,Tulane,The American,,,1,0,,0.0,0.0
2023-24-Harvard,2023-24,Harvard,Ivy League,,,2,0,,0.0,0.0
2023-24-Niagara,2023-24,Niagara,MAAC,,,5,0,,0.0,0.0
2023-24-Columbia,2023-24,Columbia,Ivy League,,,5,0,,0.0,0.0
2023-24-PrairieView,2023-24,Prairie View,SWAC,,,3,0,,0.0,0.0
2023-24-Vermont,2023-24,Vermont,America East,AQ,51.0,4,1,-54.47514186622767,51.0,51.0
2023-24-Duke,2023-24,Duke,ACC,AL,13.0,3,1,-19.694234656160845,13.0,13.0
2023-24-Monmouth,2023-24,Monmouth,CAA,,,1,0,,0.0,0.0
2023-24-Richmond,2023-24,Richmond,Atlantic 10,,,4,0,,0.0,0.0
2023-24-SacredHeart,2023-24,Sacred Heart,NEC,,,2,0,,0.0,0.0
2023-24-Hampton,2023-24,Hampton,CAA,,,2,0,,0.0,0.0
2023-24-LaSalle,2023-24,La Salle,Atlantic 10,,,5,0,,0.0,0.0
2023-24-EasternKy.,2023-24,Eastern Ky.,ASUN,,,5,0,,0.0,0.0
2023-24-MurraySt.,2023-24,Murray St.,MVC,,,3,0,,0.0,0.0
2023-24-Towson,2023-24,Towson,CAA,,,3,0,,0.0,0.0
2023-24-Pacific,2023-24,Pacific,WCC,,,5,0,,0.0,0.0
2023-24-BoiseSt.,2023-24,Boise St.,Mountain West,AL,38.0,2,1,-19.392804233813806,30.0,30.0
2023-24-UNI,2023-24,UNI,MVC,,,5,0,,0.0,0.0
2023-24-WakeForest,2023-24,Wake Forest,ACC,,,3,0,,0.0,0.0
2023-24-HolyCross,2023-24,Holy Cross,Patriot,,,3,0,,0.0,0.0
2023-24-WeberSt.,2023-24,Weber St.,Big Sky,,,4,0,,0.0,0.0
2023-24-Arkansas,2023-24,Arkansas,SEC,,,4,0,,0.0,0.0
2023-24-Xavier,2023-24,Xavier,Big East,,,5,0,,0.0,0.0
2023-24-Dayton,2023-24,Dayton,Atlantic 10,AL,28.0,1,1,-28.773809842295584,27.0,27.0
2023-24-Alcorn,2023-24,Alcorn,SWAC,,,1,0,,0.0,0.0
2023-24-StonyBrook,2023-24,Stony Brook,CAA,,,2,0,,0.0,0.0
2023-24-Rice,2023-24,Rice,The American,,,5,0,,0.0,0.0
2023-24-LoyolaMaryland,2023-24,Loyola Maryland,Patriot,,,3,0,,0.0,0.0
2023-24-MississippiSt.,2023-24,Mississippi St.,SEC,AL,32.0,2,1,-31.364344815877015,35.0,35.0
2023-24-WesternMich.,2023-24,Western Mich.,MAC,,,4,0,,0.0,0.0
2023-24-HighPoint,2023-24,High Point,Big South,,,3,0,,0.0,0.0
2023-24-UIW,2023-24,UIW,Southland,,,3,0,,0.0,0.0
2023-24-Massachusetts,2023-24,Massachusetts,Atlantic 10,,,2,0,,0.0,0.0
2023-24-Bradley,2023-24,Bradley,MVC,,,2,0,,0.0,0.0
2023-24-IowaSt.,2023-24,Iowa St.,Big 12,AQ,8.0,5,1,-6.746671020918868,8.0,8.0
2023-24-Oklahoma,2023-24,Oklahoma,Big 12,,,1,0,,0.0,0.0
2023-24-Maine,2023-24,Maine,America East,,,3,0,,0.0,0.0
2023-24-St.Thomas(MN),2023-24,St. Thomas (MN),Summit League,,,4,0,,0.0,0.0
2023-24-Presbyterian,2023-24,Presbyterian,Big South,,,4,0,,0.0,0.0
2023-24-Penn,2023-24,Penn,Ivy League,,,4,0,,0.0,0.0
2023-24-Fordham,2023-24,Fordham,Atlantic 10,,,4,0,,0.0,0.0
2023-24-Manhattan,2023-24,Manhattan,MAAC,,,2,0,,0.0,0.0
2023-24-LSU,2023-24,LSU,SEC,,,2,0,,0.0,0.0
2023-24-Arizona,2023-24,Arizona,Pac-12,AL,6.0,4,1,-8.462162689027949,6.0,6.0
2023-24-UtahTech,2023-24,Utah Tech,WAC,,,1,0,,0.0,0.0
2023-24-SouthFla.,2023-24,South Fla.,The American,,,1,0,,0.0,0.0
2023-24-TennesseeTech,2023-24,Tennessee Tech,OVC,,,3,0,,0.0,0.0
2023-24-NorthDakotaSt.,2023-24,North Dakota St.,Summit League,,,2,0,,0.0,0.0
2023-24-NorthTexas,2023-24,North Texas,The American,,,3,0,,0.0,0.0
2023-24-Drake,2023-24,Drake,MVC,AQ,40.0,1,1,-45.938121330150786,40.0,40.0
2023-24-Howard,2023-24,Howard,MEAC,AQ,67.0,3,1,-67.77921977078151,67.0,67.0
2023-24-Samford,2023-24,Samford,SoCon,AQ,53.0,5,1,-48.73095379505955,53.0,53.0
2023-24-NorfolkSt.,2023-24,Norfolk St.,MEAC,,,5,0,,0.0,0.0
2023-24-Colgate,2023-24,Colgate,Patriot,AQ,58.0,2,1,-58.92868403041551,58.0,58.0
2023-24-NIU,2023-24,NIU,MAC,,,4,0,,0.0,0.0
2023-24-Yale,2023-24,Yale,Ivy League,AQ,52.0,1,1,-54.51476418068866,52.0,52.0
2023-24-Cornell,2023-24,Cornell,Ivy League,,,4,0,,0.0,0.0
2023-24-CalPoly,2023-24,Cal Poly,Big West,,,2,0,,0.0,0.0
2023-24-Campbell,2023-24,Campbell,CAA,,,5,0,,0.0,0.0
2023-24-Iona,2023-24,Iona,MAAC,,,3,0,,0.0,0.0
2023-24-ArmyWestPoint,2023-24,Army West Point,Patriot,,,1,0,,0.0,0.0
2023-24-HoustonChristian,2023-24,Houston Christian,Southland,,,5,0,,0.0,0.0
2023-24-UNLV,2023-24,UNLV,Mountain West,,,1,0,,0.0,0.0
2023-24-LoyolaChicago,2023-24,Loyola Chicago,Atlantic 10,,,5,0,,0.0,0.0
2023-24-SoutheastMo.St.,2023-24,Southeast Mo. St.,OVC,,,4,0,,0.0,0.0
2023-24-Gonzaga,2023-24,Gonzaga,WCC,AL,21.0,4,1,-28.273699364317263,21.0,21.0
2023-24-SetonHall,2023-24,Seton Hall,Big East,,,5,0,,0.0,0.0
2023-24-AirForce,2023-24,Air Force,Mountain West,,,5,0,,0.0,0.0
2023-24-NorthCarolina,2023-24,North Carolina,ACC,AL,4.0,2,1,-9.486050891204577,4.0,4.0
2023-24-Charlotte,2023-24,Charlotte,The American,,,4,0,,0.0,0.0
2023-24-Belmont,2023-24,Belmont,MVC,,,2,0,,0.0,0.0
2023-24-Idaho,2023-24,Idaho,Big Sky,,,5,0,,0.0,0.0
2023-24-SacramentoSt.,2023-24,Sacramento St.,Big Sky,,,2,0,,0.0,0.0
2023-24-EasternIll.,2023-24,Eastern Ill.,OVC,,,4,0,,0.0,0.0
2023-24-NewOrleans,2023-24,New Orleans,Southland,,,3,0,,0.0,0.0
2023-24-WesternCaro.,2023-24,Western Caro.,SoCon,,,1,0,,0.0,0.0
2023-24-ChicagoSt.,2023-24,Chicago St.,DI Independent,,,4,0,,0.0,0.0
2023-24-UCF,2023-24,UCF,Big 12,,,1,0,,0.0,0.0
2023-24-ClevelandSt.,2023-24,Cleveland St.,Horizon,,,2,0,,0.0,0.0
2023-24-USCUpstate,2023-24,USC Upstate,Big South,,,1,0,,0.0,0.0
2023-24-Michigan,2023-24,Michigan,Big Ten,,,5,0,,0.0,0.0
2023-24-AustinPeay,2023-24,Austin Peay,ASUN,,,2,0,,0.0,0.0
2023-24-Liberty,2023-24,Liberty,CUSA,,,2,0,,0.0,0.0
2023-24-Kentucky,2023-24,Kentucky,SEC,AL,11.0,1,1,-24.401068717694557,17.0,17.0
2023-24-ArkansasSt.,2023-24,Arkansas St.,Sun Belt,,,1,0,,0.0,0.0
2023-24-Colorado,2023-24,Colorado,Pac-12,AL,39.0,1,1,-29.359132397906013,28.0,28.0
2023-24-SaintLouis,2023-24,Saint Louis,Atlantic 10,,,3,0,,0.0,0.0
2023-24-Bellarmine,2023-24,Bellarmine,ASUN,,,2,0,,0.0,0.0
2023-24-Lindenwood,2023-24,Lindenwood,OVC,,,4,0,,0.0,0.0
2023-24-RhodeIsland,2023-24,Rhode Island,Atlantic 10,,,4,0,,0.0,0.0
2023-24-Chattanooga,2023-24,Chattanooga,SoCon,,,5,0,,0.0,0.0
2023-24-Missouri,2023-24,Missouri,SEC,,,1,0,,0.0,0.0
2023-24-BowlingGreen,2023-24,Bowling Green,MAC,,,4,0,,0.0,0.0
2023-24-VMI,2023-24,VMI,SoCon,,,3,0,,0.0,0.0
2023-24-BostonU.,2023-24,Boston U.,Patriot,,,4,0,,0.0,0.0
2023-24-IllinoisSt.,2023-24,Illinois St.,MVC,,,2,0,,0.0,0.0
2023-24-Lehigh,2023-24,Lehigh,Patriot,,,3,0,,0.0,0.0
2023-24-Rider,2023-24,Rider,MAAC,,,5,0,,0.0,0.0
2023-24-Ga.Southern,2023-24,Ga. Southern,Sun Belt,,,2,0,,0.0,0.0
2023-24-SanDiegoSt.,2023-24,San Diego St.,Mountain West,AL,18.0,5,1,-24.766949993848886,20.0,20.0
2023-24-William&Mary,2023-24,William & Mary,CAA,,,5,0,,0.0,0.0
2023-24-Duquesne,2023-24,Duquesne,Atlantic 10,AQ,46.0,4,1,-50.079427541646126,46.0,46.0
2023-24-KansasCity,2023-24,Kansas City,Summit League,,,1,0,,0.0,0.0
2023-24-Kansas,2023-24,Kansas,Big 12,AL,14.0,3,1,-21.99897584789901,14.0,14.0
2023-24-TexasSouthern,2023-24,Texas Southern,SWAC,,,1,0,,0.0,0.0
2023-24-SantaClara,2023-24,Santa Clara,WCC,,,2,0,,0.0,0.0
2023-24-MiddleTenn.,2023-24,Middle Tenn.,CUSA,,,1,0,,0.0,0.0
2023-24-SeattleU,2023-24,Seattle U,WAC,,,4,0,,0.0,0.0
2023-24-St.John's(NY),2023-24,St. John's (NY),Big East,,,5,0,,0.0,0.0
2023-24-Cincinnati,2023-24,Cincinnati,Big 12,,,5,0,,0.0,0.0
2023-24-WestVirginia,2023-24,West Virginia,Big 12,,,3,0,,0.0,0.0
2023-24-Winthrop,2023-24,Winthrop,Big South,,,4,0,,0.0,0.0
2023-24-Lipscomb,2023-24,Lipscomb,ASUN,,,2,0,,0.0,0.0
2023-24-Canisius,2023-24,Canisius,MAAC,,,1,0,,0.0,0.0
2023-24-WrightSt.,2023-24,Wright St.,Horizon,,,2,0,,0.0,0.0
2023-24-Valparaiso,2023-24,Valparaiso,MVC,,,3,0,,0.0,0.0
2023-24-UtahValley,2023-24,Utah Valley,WAC,,,5,0,,0.0,0.0
2023-24-VirginiaTech,2023-24,Virginia Tech,ACC,,,1,0,,0.0,0.0
2023-24-Hofstra,2023-24,Hofstra,CAA,,,3,0,,0.0,0.0
2023-24-MissouriSt.,2023-24,Missouri St.,MVC,,,5,0,,0.0,0.0
2023-24-Tennessee,2023-24,Tennessee,SEC,AL,5.0,1,1,-6.103527999910067,5.0,5.0
2023-24-TheCitadel,2023-24,The Citadel,SoCon,,,1,0,,0.0,0.0
2023-24-Marshall,2023-24,Marshall,Sun Belt,,,4,0,,0.0,0.0
2023-24-Creighton,2023-24,Creighton,Big East,AL,10.0,3,1,-13.04581815660891,10.0,10.0
2023-24-UCDavis,2023-24,UC Davis,Big West,,,2,0,,0.0,0.0
2023-24-UAB,2023-24,UAB,The American,AQ,50.0,5,1,-45.500624210881874,48.0,48.0
2023-24-Maryland,2023-24,Maryland,Big Ten,,,3,0,,0.0,0.0
2023-24-American,2023-24,American,Patriot,,,5,0,,0.0,0.0
2023-24-SouthAlabama,2023-24,South Alabama,Sun Belt,,,2,0,,0.0,0.0
2023-24-LittleRock,2023-24,Little Rock,OVC,,,1,0,,0.0,0.0
2023-24-UIC,2023-24,UIC,MVC,,,5,0,,0.0,0.0
2023-24-FGCU,2023-24,FGCU,ASUN,,,4,0,,0.0,0.0
2023-24-Tulsa,2023-24,Tulsa,The American,,,3,0,,0.0,0.0
2023-24-GeorgeMason,2023-24,George Mason,Atlantic 10,,,3,0,,0.0,0.0
2023-24-KansasSt.,2023-24,Kansas St.,Big 12,,,2,0,,0.0,0.0
2023-24-AlabamaA&M,2023-24,Alabama A&M,SWAC,,,2,0,,0.0,0.0
2023-24-Col.ofCharleston,2023-24,Col. of Charleston,CAA,AQ,54.0,2,1,-52.050160766084815,54.0,54.0
2023-24-Montana,2023-24,Montana,Big Sky,,,1,0,,0.0,0.0
2023-24-OralRoberts,2023-24,Oral Roberts,Summit League,,,3,0,,0.0,0.0
2023-24-Indiana,2023-24,Indiana,Big Ten,,,4,0,,0.0,0.0
2023-24-LMU(CA),2023-24,LMU (CA),WCC,,,1,0,,0.0,0.0
2023-24-Washington,2023-24,Washington,Pac-12,,,1,0,,0.0,0.0
2023-24-MichiganSt.,2023-24,Michigan St.,Big Ten,AL,33.0,4,1,-30.060312025957614,25.0,25.0
2023-24-UtahSt.,2023-24,Utah St.,Mountain West,AL,30.0,2,1,-37.87595824870548,44.0,44.0
2023-24-TarletonSt.,2023-24,Tarleton St.,WAC,,,4,0,,0.0,0.0
2023-24-OklahomaSt.,2023-24,Oklahoma St.,Big 12,,,5,0,,0.0,0.0
2023-24-Butler,2023-24,Butler,Big East,,,1,0,,0.0,0.0
2023-24-CoastalCarolina,2023-24,Coastal Carolina,Sun Belt,,,1,0,,0.0,0.0
2023-24-CSUN,2023-24,CSUN,Big West,,,5,0,,0.0,0.0
2023-24-NewMexicoSt.,2023-24,New Mexico St.,CUSA,,,4,0,,0.0,0.0
2023-24-NewHampshire,2023-24,New Hampshire,America East,,,4,0,,0.0,0.0
2023-24-Oakland,2023-24,Oakland,Horizon,AQ,55.0,2,1,-56.43668763832851,55.0,55.0
2023-24-Furman,2023-24,Furman,SoCon,,,3,0,,0.0,0.0
2023-24-UTMartin,2023-24,UT Martin,OVC,,,3,0,,0.0,0.0
2023-24-St.Bonaventure,2023-24,St. Bonaventure,Atlantic 10,,,4,0,,0.0,0.0
2023-24-DelawareSt.,2023-24,Delaware St.,MEAC,,,1,0,,0.0,0.0
2023-24-CharlestonSo.,2023-24,Charleston So.,Big South,,,1,0,,0.0,0.0
2023-24-SoutheasternLa.,2023-24,Southeastern La.,Southland,,,4,0,,0.0,0.0
2023-24-SouthernInd.,2023-24,Southern Ind.,OVC,,,3,0,,0.0,0.0
2023-24-Jacksonville,2023-24,Jacksonville,ASUN,,,5,0,,0.0,0.0
2023-24-Brown,2023-24,Brown,Ivy League,,,3,0,,0.0,0.0
2023-24-Buffalo,2023-24,Buffalo,MAC,,,3,0,,0.0,0.0
2023-24-UTEP,2023-24,UTEP,CUSA,,,5,0,,0.0,0.0
2023-24-SouthernU.,2023-24,Southern U.,SWAC,,,4,0,,0.0,0.0
2023-24-Toledo,2023-24,Toledo,MAC,,,1,0,,0.0,0.0
2023-24-Fla.Atlantic,2023-24,Fla. Atlantic,The American,AL,31.0,3,1,-39.460551724824455,31.0,31.0
2023-24-BYU,2023-24,BYU,Big 12,AL,17.0,1,1,-16.94409284437272,11.0,11.0
2023-24-Miami(OH),2023-24,Miami (OH),MAC,,,4,0,,0.0,0.0
2023-24-Marist,2023-24,Marist,MAAC,,,5,0,,0.0,0.0
2023-24-Stanford,2023-24,Stanford,Pac-12,,,4,0,,0.0,0.0
2023-24-ETSU,2023-24,ETSU,SoCon,,,2,0,,0.0,0.0
2023-24-Wagner,2023-24,Wagner,NEC,AQ,68.0,5,1,-66.69109583821692,68.0,68.0
2023-24-Pepperdine,2023-24,Pepperdine,WCC,,,2,0,,0.0,0.0
2023-24-UNCW,2023-24,UNCW,CAA,,,3,0,,0.0,0.0
2023-24-Dartmouth,2023-24,Dartmouth,Ivy League,,,3,0,,0.0,0.0
2023-24-CoppinSt.,2023-24,Coppin St.,MEAC,,,2,0,,0.0,0.0
2023-24-UTSA,2023-24,UTSA,The American,,,3,0,,0.0,0.0
2023-24-Ark.-PineBluff,2023-24,Ark.-Pine Bluff,SWAC,,,2,0,,0.0,0.0
2023-24-OregonSt.,2023-24,Oregon St.,Pac-12,,,1,0,,0.0,0.0
2023-24-SanDiego,2023-24,San Diego,WCC,,,2,0,,0.0,0.0
2023-24-CentralConn.St.,2023-24,Central Conn. St.,NEC,,,5,0,,0.0,0.0
2023-24-Wyoming,2023-24,Wyoming,Mountain West,,,1,0,,0.0,0.0
2023-24-IdahoSt.,2023-24,Idaho St.,Big Sky,,,2,0,,0.0,0.0
2023-24-Purdue,2023-24,Purdue,Big Ten,AL,3.0,3,1,-6.438345077640832,2.0,2.0
2023-24-SouthernIll.,2023-24,Southern Ill.,MVC,,,5,0,,0.0,0.0
2023-24-Evansville,2023-24,Evansville,MVC,,,2,0,,0.0,0.0
2023-24-SanJoseSt.,2023-24,San Jose St.,Mountain West,,,2,0,,0.0,0.0
2023-24-UAlbany,2023-24,UAlbany,America East,,,1,0,,0.0,0.0
2023-24-Davidson,2023-24,Davidson,Atlantic 10,,,5,0,,0.0,0.0
2023-24-Grambling,2023-24,Grambling,SWAC,AQ,66.0,5,1,-59.843093978703735,66.0,66.0
2023-24-Stetson,2023-24,Stetson,ASUN,AQ,64.0,3,1,-63.197772032324295,64.0,64.0
2023-24-NorthernAriz.,2023-24,Northern Ariz.,Big Sky,,,1,0,,0.0,0.0
2023-24-California,2023-24,California,Pac-12,,,2,0,,0.0,0.0
2023-24-Memphis,2023-24,Memphis,The American,,,4,0,,0.0,0.0
2023-24-OldDominion,2023-24,Old Dominion,Sun Belt,,,1,0,,0.0,0.0
2023-24-Texas,2023-24,Texas,Big 12,AL,27.0,1,1,-33.77774108072966,39.0,39.0
2023-24-Syracuse,2023-24,Syracuse,ACC,,,5,0,,0.0,0.0
2023-24-JacksonSt.,2023-24,Jackson St.,SWAC,,,4,0,,0.0,0.0
2023-24-Akron,2023-24,Akron,MAC,AQ,56.0,3,1,-55.19442090650824,56.0,56.0
2023-24-Portland,2023-24,Portland,WCC,,,3,0,,0.0,0.0
2023-24-CalSt.Fullerton,2023-24,Cal St. Fullerton,Big West,,,1,0,,0.0,0.0
2023-24-ArizonaSt.,2023-24,Arizona St.,Pac-12,,,1,0,,0.0,0.0
2023-24-Wofford,2023-24,Wofford,SoCon,,,4,0,,0.0,0.0
2023-24-MorganSt.,2023-24,Morgan St.,MEAC,,,5,0,,0.0,0.0
2023-24-TexasA&M,2023-24,Texas A&M,SEC,AL,34.0,4,1,-37.54828938530761,34.0,34.0
2023-24-EastTexasA&M,2023-24,East Texas A&M,Southland,,,3,0,,0.0,0.0
2023-24-SanFrancisco,2023-24,San Francisco,WCC,,,2,0,,0.0,0.0
2023-24-SouthCarolinaSt.,2023-24,South Carolina St.,MEAC,,,4,0,,0.0,0.0
2023-24-PennSt.,2023-24,Penn St.,Big Ten,,,4,0,,0.0,0.0
2023-24-NorthernColo.,2023-24,Northern Colo.,Big Sky,,,3,0,,0.0,0.0
2023-24-VCU,2023-24,VCU,Atlantic 10,,,4,0,,0.0,0.0
2023-24-Quinnipiac,2023-24,Quinnipiac,MAAC,,,3,0,,0.0,0.0
2023-24-Illinois,2023-24,Illinois,Big Ten,AQ,12.0,4,1,-12.42121520897528,12.0,12.0
2023-24-ColoradoSt.,2023-24,Colorado St.,Mountain West,AL,44.0,2,1,-30.672625136531167,32.0,32.0
2023-24-Florida,2023-24,Florida,SEC,AL,25.0,4,1,-33.46287016669919,33.0,33.0
2023-24-KentSt.,2023-24,Kent St.,MAC,,,1,0,,0.0,0.0
2023-24-EasternWash.,2023-24,Eastern Wash.,Big Sky,,,5,0,,0.0,0.0
2023-24-SouthernMiss.,2023-24,Southern Miss.,Sun Belt,,,5,0,,0.0,0.0
2023-24-WichitaSt.,2023-24,Wichita St.,The American,,,3,0,,0.0,0.0
2023-24-AbileneChristian,2023-24,Abilene Christian,WAC,,,5,0,,0.0,0.0
2023-24-GeorgiaSt.,2023-24,Georgia St.,Sun Belt,,,1,0,,0.0,0.0
2023-24-UNCGreensboro,2023-24,UNC Greensboro,SoCon,,,4,0,,0.0,0.0
2023-24-NorthDakota,2023-24,North Dakota,Summit League,,,3,0,,0.0,0.0
2023-24-JamesMadison,2023-24,James Madison,Sun Belt,AQ,48.0,5,1,-46.51914417569671,50.0,50.0
2023-24-N.C.Central,2023-24,N.C. Central,MEAC,,,3,0,,0.0,0.0
2023-24-FloridaSt.,2023-24,Florida St.,ACC,,,2,0,,0.0,0.0
2023-24-FloridaA&M,2023-24,Florida A&M,SWAC,,,5,0,,0.0,0.0
2023-24-A&M-CorpusChristi,2023-24,A&M-Corpus Christi,Southland,,,4,0,,0.0,0.0
2023-24-Georgetown,2023-24,Georgetown,Big East,,,3,0,,0.0,0.0
2023-24-NotreDame,2023-24,Notre Dame,ACC,,,3,0,,0.0,0.0
2023-24-TCU,2023-24,TCU,Big 12,AL,35.0,2,1,-34.52716913570403,38.0,38.0
2023-24-OleMiss,2023-24,Ole Miss,SEC,,,1,0,,0.0,0.0
2023-24-TennesseeSt.,2023-24,Tennessee St.,OVC,,,3,0,,0.0,0.0
2023-24-UCSantaBarbara,2023-24,UC Santa Barbara,Big West,,,5,0,,0.0,0.0
2023-24-Troy,2023-24,Troy,Sun Belt,,,2,0,,0.0,0.0
2023-24-TexasTech,2023-24,Texas Tech,Big 12,AL,23.0,1,1,-26.916724173988868,23.0,23.0
2023-24-Stonehill,2023-24,Stonehill,NEC,,,1,0,,0.0,0.0
2023-24-UMassLowell,2023-24,UMass Lowell,America East,,,1,0,,0.0,0.0
2023-24-PortlandSt.,2023-24,Portland St.,Big Sky,,,2,0,,0.0,0.0
2023-24-LeMoyne,2023-24,Le Moyne,NEC,,,2,0,,0.0,0.0
2023-24-Auburn,2023-24,Auburn,SEC,AQ,15.0,4,1,-13.990874770483181,15.0,15.0
2023-24-Houston,2023-24,Houston,Big 12,AL,2.0,3,1,-7.007675025894525,3.0,3.0
2023-24-FDU,2023-24,FDU,NEC,,,1,0,,0.0,0.0
2023-24-Miami(FL),2023-24,Miami (FL),ACC,,,2,0,,0.0,0.0
2023-24-GreenBay,2023-24,Green Bay,Horizon,,,4,0,,0.0,0.0
2023-24-Elon,2023-24,Elon,CAA,,,5,0,,0.0,0.0
2023-24-Milwaukee,2023-24,Milwaukee,Horizon,,,4,0,,0.0,0.0
2023-24-Hawaii,2023-24,Hawaii,Big West,,,3,0,,0.0,0.0
2023-24-LouisianaTech,2023-24,Louisiana Tech,CUSA,,,1,0,,0.0,0.0
2023-24-Louisville,2023-24,Louisville,ACC,,,3,0,,0.0,0.0
2023-24-Iowa,2023-24,Iowa,Big Ten,,,2,0,,0.0,0.0
2023-24-Utah,2023-24,Utah,Pac-12,,,2,0,,0.0,0.0
2023-24-Nebraska,2023-24,Nebraska,Big Ten,AL,29.0,5,1,-29.61410051056918,29.0,29.0
2023-24-CaliforniaBaptist,2023-24,California Baptist,WAC,,,3,0,,0.0,0.0
2023-24-SouthDakota,2023-24,South Dakota,Summit League,,,1,0,,0.0,0.0
2023-24-IndianaSt.,2023-24,Indiana St.,MVC,,,2,0,,0.0,0.0
2023-24-UMBC,2023-24,UMBC,America East,,,5,0,,0.0,0.0
2023-24-UCRiverside,2023-24,UC Riverside,Big West,,,4,0,,0.0,0.0
2024-25-IdahoSt.,2024-25,Idaho St.,Big Sky,,,5,0,,0.0,0.0
2024-25-MississippiSt.,2024-25,Mississippi St.,SEC,AL,32.0,4,1,-29.670768465694284,32.0,32.0
2024-25-Missouri,2024-25,Missouri,SEC,AL,23.0,5,1,-20.09312751954358,23.0,23.0
2024-25-CalSt.Fullerton,2024-25,Cal St. Fullerton,Big West,,,4,0,,0.0,0.0
2024-25-McNeese,2024-25,McNeese,Southland,AQ,49.0,4,1,-51.3774221589788,49.0,49.0
2024-25-Elon,2024-25,Elon,CAA,,,4,0,,0.0,0.0
2024-25-Rutgers,2024-25,Rutgers,Big Ten,,,3,0,,0.0,0.0
2024-25-Cornell,2024-25,Cornell,Ivy League,,,4,0,,0.0,0.0
2024-25-Davidson,2024-25,Davidson,Atlantic 10,,,1,0,,0.0,0.0
2024-25-Furman,2024-25,Furman,SoCon,,,1,0,,0.0,0.0
2024-25-AbileneChristian,2024-25,Abilene Christian,WAC,,,2,0,,0.0,0.0
2024-25-Arkansas,2024-25,Arkansas,SEC,AL,37.0,5,1,-36.877947953538666,37.0,37.0
2024-25-Penn,2024-25,Penn,Ivy League,,,3,0,,0.0,0.0
2024-25-Drake,2024-25,Drake,MVC,AQ,44.0,1,1,-46.38614306392051,46.0,46.0
2024-25-UNCGreensboro,2024-25,UNC Greensboro,SoCon,,,3,0,,0.0,0.0
2024-25-SouthernMiss.,2024-25,Southern Miss.,Sun Belt,,,5,0,,0.0,0.0
2024-25-Duke,2024-25,Duke,ACC,AQ,2.0,2,1,-12.549469588301452,3.0,3.0
2024-25-American,2024-25,American,Patriot,AQ,65.0,5,1,-65.36233610461728,65.0,65.0
2024-25-DetroitMercy,2024-25,Detroit Mercy,Horizon,,,4,0,,0.0,0.0
2024-25-UNCW,2024-25,UNCW,CAA,AQ,57.0,3,1,-55.25985009690831,57.0,57.0
2024-25-Maryland,2024-25,Maryland,Big Ten,AL,15.0,1,1,-12.549153397053423,13.0,13.0
2024-25-Princeton,2024-25,Princeton,Ivy League,,,4,0,,0.0,0.0
2024-25-Utah,2024-25,Utah,Big 12,,,2,0,,0.0,0.0
2024-25-Wagner,2024-25,Wagner,NEC,,,3,0,,0.0,0.0
2024-25-NorthernAriz.,2024-25,Northern Ariz.,Big Sky,,,2,0,,0.0,0.0
2024-25-SouthCarolinaSt.,2024-25,South Carolina St.,MEAC,,,4,0,,0.0,0.0
2024-25-WrightSt.,2024-25,Wright St.,Horizon,,,4,0,,0.0,0.0
2024-25-Massachusetts,2024-25,Massachusetts,Atlantic 10,,,4,0,,0.0,0.0
2024-25-Ark.-PineBluff,2024-25,Ark.-Pine Bluff,SWAC,,,5,0,,0.0,0.0
2024-25-UMES,2024-25,UMES,MEAC,,,5,0,,0.0,0.0
2024-25-Marquette,2024-25,Marquette,Big East,AL,26.0,3,1,-22.51856696264447,26.0,26.0
2024-25-GeorgiaTech,2024-25,Georgia Tech,ACC,,,3,0,,0.0,0.0
2024-25-Oklahoma,2024-25,Oklahoma,SEC,AL,36.0,1,1,-37.053797035986456,44.0,44.0
2024-25-NJIT,2024-25,NJIT,America East,,,2,0,,0.0,0.0
2024-25-Wyoming,2024-25,Wyoming,Mountain West,,,5,0,,0.0,0.0
2024-25-Chattanooga,2024-25,Chattanooga,SoCon,,,5,0,,0.0,0.0
2024-25-SanFrancisco,2024-25,San Francisco,WCC,,,3,0,,0.0,0.0
2024-25-Michigan,2024-25,Michigan,Big Ten,AQ,17.0,2,1,-18.834660246541105,17.0,17.0
2024-25-WesternCaro.,2024-25,Western Caro.,SoCon,,,3,0,,0.0,0.0
2024-25-NIU,2024-25,NIU,MAC,,,4,0,,0.0,0.0
2024-25-MoreheadSt.,2024-25,Morehead St.,OVC,,,2,0,,0.0,0.0
2024-25-UIW,2024-25,UIW,Southland,,,1,0,,0.0,0.0
2024-25-VCU,2024-25,VCU,Atlantic 10,AQ,45.0,2,1,-36.898796720875076,39.0,39.0
2024-25-NorthFlorida,2024-25,North Florida,ASUN,,,3,0,,0.0,0.0
2024-25-Virginia,2024-25,Virginia,ACC,,,3,0,,0.0,0.0
2024-25-LittleRock,2024-25,Little Rock,OVC,,,3,0,,0.0,0.0
2024-25-Akron,2024-25,Akron,MAC,AQ,53.0,3,1,-51.34464773472422,53.0,53.0
2024-25-SantaClara,2024-25,Santa Clara,WCC,,,4,0,,0.0,0.0
2024-25-Alabama,2024-25,Alabama,SEC,AL,6.0,1,1,-5.118195738223868,6.0,6.0
2024-25-SMU,2024-25,SMU,ACC,,,4,0,,0.0,0.0
2024-25-NorthwesternSt.,2024-25,Northwestern St.,Southland,,,3,0,,0.0,0.0
2024-25-BallSt.,2024-25,Ball St.,MAC,,,3,0,,0.0,0.0
2024-25-Lafayette,2024-25,Lafayette,Patriot,,,4,0,,0.0,0.0
2024-25-WestGa.,2024-25,West Ga.,ASUN,,,2,0,,0.0,0.0
2024-25-Marshall,2024-25,Marshall,Sun Belt,,,5,0,,0.0,0.0
2024-25-WesternIll.,2024-25,Western Ill.,OVC,,,4,0,,0.0,0.0
2024-25-ArkansasSt.,2024-25,Arkansas St.,Sun Belt,,,1,0,,0.0,0.0
2024-25-Florida,2024-25,Florida,SEC,AQ,4.0,5,1,-4.606999310889407,4.0,4.0
2024-25-CoppinSt.,2024-25,Coppin St.,MEAC,,,1,0,,0.0,0.0
2024-25-TCU,2024-25,TCU,Big 12,,,2,0,,0.0,0.0
2024-25-TennesseeTech,2024-25,Tennessee Tech,OVC,,,1,0,,0.0,0.0
2024-25-Harvard,2024-25,Harvard,Ivy League,,,2,0,,0.0,0.0
2024-25-Nevada,2024-25,Nevada,Mountain West,,,1,0,,0.0,0.0
2024-25-ColoradoSt.,2024-25,Colorado St.,Mountain West,AQ,48.0,3,1,-40.104059242608386,48.0,48.0
2024-25-SaintFrancis,2024-25,Saint Francis,NEC,AQ,68.0,3,1,-65.86027676465804,68.0,68.0
2024-25-ArizonaSt.,2024-25,Arizona St.,Big 12,,,5,0,,0.0,0.0
2024-25-SouthernU.,2024-25,Southern U.,SWAC,,,2,0,,0.0,0.0
2024-25-California,2024-25,California,ACC,,,3,0,,0.0,0.0
2024-25-Maine,2024-25,Maine,America East,,,5,0,,0.0,0.0
2024-25-Butler,2024-25,Butler,Big East,,,2,0,,0.0,0.0
2024-25-OklahomaSt.,2024-25,Oklahoma St.,Big 12,,,4,0,,0.0,0.0
2024-25-Oakland,2024-25,Oakland,Horizon,,,2,0,,0.0,0.0
2024-25-SouthernUtah,2024-25,Southern Utah,WAC,,,3,0,,0.0,0.0
2024-25-SetonHall,2024-25,Seton Hall,Big East,,,4,0,,0.0,0.0
2024-25-StonyBrook,2024-25,Stony Brook,CAA,,,1,0,,0.0,0.0
2024-25-Denver,2024-25,Denver,Summit League,,,3,0,,0.0,0.0
2024-25-SaintJoseph's,2024-25,Saint Joseph's,Atlantic 10,,,1,0,,0.0,0.0
2024-25-OregonSt.,2024-25,Oregon St.,WCC,,,1,0,,0.0,0.0
2024-25-Stetson,2024-25,Stetson,ASUN,,,3,0,,0.0,0.0
2024-25-Illinois,2024-25,Illinois,Big Ten,AL,22.0,5,1,-18.770259929564347,22.0,22.0
2024-25-Dayton,2024-25,Dayton,Atlantic 10,,,1,0,,0.0,0.0
2024-25-VMI,2024-25,VMI,SoCon,,,4,0,,0.0,0.0
2024-25-Gonzaga,2024-25,Gonzaga,WCC,AQ,30.0,4,1,-19.966920207865506,16.0,16.0
2024-25-NorthernColo.,2024-25,Northern Colo.,Big Sky,,,2,0,,0.0,0.0
2024-25-Washington,2024-25,Washington,Big Ten,,,2,0,,0.0,0.0
2024-25-AirForce,2024-25,Air Force,Mountain West,,,5,0,,0.0,0.0
2024-25-EasternIll.,2024-25,Eastern Ill.,OVC,,,2,0,,0.0,0.0
2024-25-BowlingGreen,2024-25,Bowling Green,MAC,,,1,0,,0.0,0.0
2024-25-WeberSt.,2024-25,Weber St.,Big Sky,,,1,0,,0.0,0.0
2024-25-Fla.Atlantic,2024-25,Fla. Atlantic,The American,,,2,0,,0.0,0.0
2024-25-SFA,2024-25,SFA,Southland,,,2,0,,0.0,0.0
2024-25-Pittsburgh,2024-25,Pittsburgh,ACC,,,5,0,,0.0,0.0
2024-25-PurdueFortWayne,2024-25,Purdue Fort Wayne,Horizon,,,1,0,,0.0,0.0
2024-25-NorthDakota,2024-25,North Dakota,Summit League,,,3,0,,0.0,0.0
2024-25-Syracuse,2024-25,Syracuse,ACC,,,2,0,,0.0,0.0
2024-25-GreenBay,2024-25,Green Bay,Horizon,,,2,0,,0.0,0.0
2024-25-Bryant,2024-25,Bryant,America East,AQ,62.0,2,1,-61.4433082776285,62.0,62.0
2024-25-TexasA&M,2024-25,Texas A&M,SEC,AL,13.0,1,1,-16.220915825230882,15.0,15.0
2024-25-Duquesne,2024-25,Duquesne,Atlantic 10,,,2,0,,0.0,0.0
2024-25-BYU,2024-25,BYU,Big 12,AL,21.0,2,1,-22.245591565338863,21.0,21.0
2024-25-TexasSt.,2024-25,Texas St.,Sun Belt,,,5,0,,0.0,0.0
2024-25-Fairfield,2024-25,Fairfield,MAAC,,,1,0,,0.0,0.0
2024-25-PrairieView,2024-25,Prairie View,SWAC,,,4,0,,0.0,0.0
2024-25-Hampton,2024-25,Hampton,CAA,,,3,0,,0.0,0.0
2024-25-UCSantaBarbara,2024-25,UC Santa Barbara,Big West,,,5,0,,0.0,0.0
2024-25-WesternKy.,2024-25,Western Ky.,CUSA,,,1,0,,0.0,0.0
2024-25-Delaware,2024-25,Delaware,CAA,,,3,0,,0.0,0.0
2024-25-AlabamaA&M,2024-25,Alabama A&M,SWAC,,,1,0,,0.0,0.0
2024-25-Dartmouth,2024-25,Dartmouth,Ivy League,,,5,0,,0.0,0.0
2024-25-Manhattan,2024-25,Manhattan,MAAC,,,4,0,,0.0,0.0
2024-25-Idaho,2024-25,Idaho,Big Sky,,,2,0,,0.0,0.0
2024-25-SouthDakota,2024-25,South Dakota,Summit League,,,5,0,,0.0,0.0
2024-25-JamesMadison,2024-25,James Madison,Sun Belt,,,2,0,,0.0,0.0
2024-25-Kansas,2024-25,Kansas,Big 12,AL,28.0,3,1,-18.186959803484818,24.0,24.0
2024-25-ETSU,2024-25,ETSU,SoCon,,,2,0,,0.0,0.0
2024-25-Bradley,2024-25,Bradley,MVC,,,3,0,,0.0,0.0
2024-25-Vermont,2024-25,Vermont,America East,,,2,0,,0.0,0.0
2024-25-Purdue,2024-25,Purdue,Big Ten,AL,14.0,4,1,-22.305012111206302,25.0,25.0
2024-25-BostonU.,2024-25,Boston U.,Patriot,,,3,0,,0.0,0.0
2024-25-MiddleTenn.,2024-25,Middle Tenn.,CUSA,,,1,0,,0.0,0.0
2024-25-AustinPeay,2024-25,Austin Peay,ASUN,,,4,0,,0.0,0.0
2024-25-DePaul,2024-25,DePaul,Big East,,,4,0,,0.0,0.0
2024-25-UConn,2024-25,UConn,Big East,AL,31.0,2,1,-31.239916198020182,31.0,31.0
2024-25-UtahSt.,2024-25,Utah St.,Mountain West,AL,40.0,3,1,-36.24894003994069,40.0,40.0
2024-25-TexasSouthern,2024-25,Texas Southern,SWAC,,,2,0,,0.0,0.0
2024-25-Merrimack,2024-25,Merrimack,MAAC,,,4,0,,0.0,0.0
2024-25-Niagara,2024-25,Niagara,MAAC,,,1,0,,0.0,0.0
2024-25-Charlotte,2024-25,Charlotte,The American,,,3,0,,0.0,0.0
2024-25-UIC,2024-25,UIC,MVC,,,1,0,,0.0,0.0
2024-25-FGCU,2024-25,FGCU,ASUN,,,3,0,,0.0,0.0
2024-25-ClevelandSt.,2024-25,Cleveland St.,Horizon,,,2,0,,0.0,0.0
2024-25-Liberty,2024-25,Liberty,CUSA,AQ,50.0,5,1,-47.875862285822606,50.0,50.0
2024-25-WashingtonSt.,2024-25,Washington St.,WCC,,,1,0,,0.0,0.0
2024-25-MurraySt.,2024-25,Murray St.,MVC,,,1,0,,0.0,0.0
2024-25-TexasTech,2024-25,Texas Tech,Big 12,AL,9.0,4,1,-9.609697674970484,7.0,7.0
2024-25-Lindenwood,2024-25,Lindenwood,OVC,,,4,0,,0.0,0.0
2024-25-Marist,2024-25,Marist,MAAC,,,2,0,,0.0,0.0
2024-25-MichiganSt.,2024-25,Michigan St.,Big Ten,AL,7.0,4,1,-14.983914611793441,9.0,9.0
2024-25-LamarUniversity,2024-25,Lamar University,Southland,,,3,0,,0.0,0.0
2024-25-CSUN,2024-25,CSUN,Big West,,,1,0,,0.0,0.0
2024-25-HighPoint,2024-25,High Point,Big South,AQ,52.0,5,1,-52.787661083569574,52.0,52.0
2024-25-Jacksonville,2024-25,Jacksonville,ASUN,,,3,0,,0.0,0.0
2024-25-OldDominion,2024-25,Old Dominion,Sun Belt,,,1,0,,0.0,0.0
2024-25-NorfolkSt.,2024-25,Norfolk St.,MEAC,AQ,63.0,4,1,-62.76832830435795,63.0,63.0
2024-25-Miami(FL),2024-25,Miami (FL),ACC,,,5,0,,0.0,0.0
2024-25-SacredHeart,2024-25,Sacred Heart,MAAC,,,5,0,,0.0,0.0
2024-25-CentralConn.St.,2024-25,Central Conn. St.,NEC,,,5,0,,0.0,0.0
2024-25-Queens(NC),2024-25,Queens (NC),ASUN,,,2,0,,0.0,0.0
2024-25-UNI,2024-25,UNI,MVC,,,4,0,,0.0,0.0
2024-25-SouthernCalifornia,2024-25,Southern California,Big Ten,,,1,0,,0.0,0.0
2024-25-MissouriSt.,2024-25,Missouri St.,MVC,,,2,0,,0.0,0.0
2024-25-St.Bonaventure,2024-25,St. Bonaventure,Atlantic 10,,,2,0,,0.0,0.0
2024-25-NewMexicoSt.,2024-25,New Mexico St.,CUSA,,,4,0,,0.0,0.0
2024-25-FresnoSt.,2024-25,Fresno St.,Mountain West,,,1,0,,0.0,0.0
2024-25-UNLV,2024-25,UNLV,Mountain West,,,5,0,,0.0,0.0
2024-25-PortlandSt.,2024-25,Portland St.,Big Sky,,,4,0,,0.0,0.0
2024-25-WakeForest,2024-25,Wake Forest,ACC,,,4,0,,0.0,0.0
2024-25-Louisville,2024-25,Louisville,ACC,AL,29.0,1,1,-19.652761789726558,19.0,19.0
2024-25-Creighton,2024-25,Creighton,Big East,AL,33.0,3,1,-32.838016220555005,34.0,34.0
2024-25-Tulane,2024-25,Tulane,The American,,,2,0,,0.0,0.0
2024-25-SouthAlabama,2024-25,South Alabama,Sun Belt,,,2,0,,0.0,0.0
2024-25-GeorgeMason,2024-25,George Mason,Atlantic 10,,,2,0,,0.0,0.0
2024-25-Temple,2024-25,Temple,The American,,,4,0,,0.0,0.0
2024-25-HoustonChristian,2024-25,Houston Christian,Southland,,,2,0,,0.0,0.0
2024-25-UTMartin,2024-25,UT Martin,OVC,,,3,0,,0.0,0.0
2024-25-NewOrleans,2024-25,New Orleans,Southland,,,4,0,,0.0,0.0
2024-25-LouisianaTech,2024-25,Louisiana Tech,CUSA,,,3,0,,0.0,0.0
2024-25-Miami(OH),2024-25,Miami (OH),MAC,,,4,0,,0.0,0.0
2024-25-CoastalCarolina,2024-25,Coastal Carolina,Sun Belt,,,1,0,,0.0,0.0
2024-25-SouthCarolina,2024-25,South Carolina,SEC,,,4,0,,0.0,0.0
2024-25-Grambling,2024-25,Grambling,SWAC,,,1,0,,0.0,0.0
2024-25-MontanaSt.,2024-25,Montana St.,Big Sky,,,1,0,,0.0,0.0
2024-25-LoyolaMaryland,2024-25,Loyola Maryland,Patriot,,,1,0,,0.0,0.0
2024-25-EastCarolina,2024-25,East Carolina,The American,,,2,0,,0.0,0.0
2024-25-CentralArk.,2024-25,Central Ark.,ASUN,,,4,0,,0.0,0.0
2024-25-SamHouston,2024-25,Sam Houston,CUSA,,,3,0,,0.0,0.0
2024-25-Siena,2024-25,Siena,MAAC,,,1,0,,0.0,0.0
2024-25-Ga.Southern,2024-25,Ga. Southern,Sun Belt,,,3,0,,0.0,0.0
2024-25-USCUpstate,2024-25,USC Upstate,Big South,,,3,0,,0.0,0.0
2024-25-SouthDakotaSt.,2024-25,South Dakota St.,Summit League,,,3,0,,0.0,0.0
2024-25-Texas,2024-25,Texas,SEC,AL,41.0,4,1,-37.29444494980352,41.0,41.0
2024-25-Arizona,2024-25,Arizona,Big 12,AL,16.0,4,1,-19.676328370153783,14.0,14.0
2024-25-Fordham,2024-25,Fordham,Atlantic 10,,,2,0,,0.0,0.0
2024-25-SouthernIll.,2024-25,Southern Ill.,MVC,,,1,0,,0.0,0.0
2024-25-NorthAla.,2024-25,North Ala.,ASUN,,,3,0,,0.0,0.0
2024-25-CalPoly,2024-25,Cal Poly,Big West,,,4,0,,0.0,0.0
2024-25-Toledo,2024-25,Toledo,MAC,,,5,0,,0.0,0.0
2024-25-DelawareSt.,2024-25,Delaware St.,MEAC,,,3,0,,0.0,0.0
2024-25-St.Thomas(MN),2024-25,St. Thomas (MN),Summit League,,,2,0,,0.0,0.0
2024-25-Mercyhurst,2024-25,Mercyhurst,NEC,,,4,0,,0.0,0.0
2024-25-Bellarmine,2024-25,Bellarmine,ASUN,,,5,0,,0.0,0.0
2024-25-UAlbany,2024-25,UAlbany,America East,,,4,0,,0.0,0.0
2024-25-Alcorn,2024-25,Alcorn,SWAC,,,5,0,,0.0,0.0
2024-25-A&M-CorpusChristi,2024-25,A&M-Corpus Christi,Southland,,,4,0,,0.0,0.0
2024-25-CentralMich.,2024-25,Central Mich.,MAC,,,3,0,,0.0,0.0
2024-25-TennesseeSt.,2024-25,Tennessee St.,OVC,,,2,0,,0.0,0.0
2024-25-SeattleU,2024-25,Seattle U,WAC,,,3,0,,0.0,0.0
2024-25-Portland,2024-25,Portland,WCC,,,5,0,,0.0,0.0
2024-25-Houston,2024-25,Houston,Big 12,AQ,3.0,2,1,-11.269382367377467,2.0,2.0
2024-25-Samford,2024-25,Samford,SoCon,,,1,0,,0.0,0.0
2024-25-Rice,2024-25,Rice,The American,,,4,0,,0.0,0.0
2024-25-Binghamton,2024-25,Binghamton,America East,,,5,0,,0.0,0.0
2024-25-UTRGV,2024-25,UTRGV,Southland,,,3,0,,0.0,0.0
2024-25-IllinoisSt.,2024-25,Illinois St.,MVC,,,5,0,,0.0,0.0
2024-25-Lehigh,2024-25,Lehigh,Patriot,,,1,0,,0.0,0.0
2024-25-Longwood,2024-25,Longwood,Big South,,,4,0,,0.0,0.0
2024-25-Buffalo,2024-25,Buffalo,MAC,,,2,0,,0.0,0.0
2024-25-KentSt.,2024-25,Kent St.,MAC,,,1,0,,0.0,0.0
2024-25-KansasSt.,2024-25,Kansas St.,Big 12,,,1,0,,0.0,0.0
2024-25-Pacific,2024-25,Pacific,WCC,,,1,0,,0.0,0.0
2024-25-Baylor,2024-25,Baylor,Big 12,AL,35.0,5,1,-32.86548076776989,35.0,35.0
2024-25-Lipscomb,2024-25,Lipscomb,ASUN,AQ,55.0,1,1,-56.55091508146245,55.0,55.0
2024-25-TarletonSt.,2024-25,Tarleton St.,WAC,,,1,0,,0.0,0.0
2024-25-UtahValley,2024-25,Utah Valley,WAC,,,5,0,,0.0,0.0
2024-25-N.C.Central,2024-25,N.C. Central,MEAC,,,3,0,,0.0,0.0
2024-25-Hawaii,2024-25,Hawaii,Big West,,,3,0,,0.0,0.0
2024-25-WichitaSt.,2024-25,Wichita St.,The American,,,5,0,,0.0,0.0
2024-25-Drexel,2024-25,Drexel,CAA,,,3,0,,0.0,0.0
2024-25-Gardner-Webb,2024-25,Gardner-Webb,Big South,,,4,0,,0.0,0.0
2024-25-Xavier,2024-25,Xavier,Big East,AL,42.0,5,1,-40.79027455267116,42.0,42.0
2024-25-EastTexasA&M,2024-25,East Texas A&M,Southland,,,2,0,,0.0,0.0
2024-25-PennSt.,2024-25,Penn St.,Big Ten,,,2,0,,0.0,0.0
2024-25-Columbia,2024-25,Columbia,Ivy League,,,5,0,,0.0,0.0
2024-25-Colorado,2024-25,Colorado,Big 12,,,5,0,,0.0,0.0
2024-25-EasternKy.,2024-25,Eastern Ky.,ASUN,,,5,0,,0.0,0.0
2024-25-UCF,2024-25,UCF,Big 12,,,4,0,,0.0,0.0
2024-25-Omaha,2024-25,Omaha,Summit League,AQ,61.0,1,1,-63.78178311726505,61.0,61.0
2024-25-St.John's(NY),2024-25,St. John's (NY),Big East,AQ,8.0,2,1,-18.06304915219983,8.0,8.0
2024-25-NorthCarolina,2024-25,North Carolina,ACC,AL,46.0,1,1,-36.36290902075521,36.0,36.0
2024-25-Oregon,2024-25,Oregon,Big Ten,AL,19.0,1,1,-23.06642829292897,29.0,29.0
2024-25-Nicholls,2024-25,Nicholls,Southland,,,5,0,,0.0,0.0
2024-25-Montana,2024-25,Montana,Big Sky,AQ,58.0,1,1,-58.75978016726922,58.0,58.0
2024-25-Presbyterian,2024-25,Presbyterian,Big South,,,5,0,,0.0,0.0
2024-25-Towson,2024-25,Towson,CAA,,,5,0,,0.0,0.0
2024-25-NorthernKy.,2024-25,Northern Ky.,Horizon,,,5,0,,0.0,0.0
2024-25-Campbell,2024-25,Campbell,CAA,,,3,0,,0.0,0.0
2024-25-NCState,2024-25,NC State,ACC,,,2,0,,0.0,0.0
2024-25-KansasCity,2024-25,Kansas City,Summit League,,,4,0,,0.0,0.0
2024-25-SanDiegoSt.,2024-25,San Diego St.,Mountain West,AL,43.0,2,1,-44.0176548851897,45.0,45.0
2024-25-FloridaA&M,2024-25,Florida A&M,SWAC,,,4,0,,0.0,0.0
2024-25-Minnesota,2024-25,Minnesota,Big Ten,,,5,0,,0.0,0.0
2024-25-WesternMich.,2024-25,Western Mich.,MAC,,,3,0,,0.0,0.0
2024-25-Ohio,2024-25,Ohio,MAC,,,5,0,,0.0,0.0
2024-25-IndianaSt.,2024-25,Indiana St.,MVC,,,2,0,,0.0,0.0
2024-25-GeorgeWashington,2024-25,George Washington,Atlantic 10,,,3,0,,0.0,0.0
2024-25-NewMexico,2024-25,New Mexico,Mountain West,AL,38.0,3,1,-35.53905559942642,38.0,38.0
2024-25-FloridaSt.,2024-25,Florida St.,ACC,,,1,0,,0.0,0.0
2024-25-EasternWash.,2024-25,Eastern Wash.,Big Sky,,,1,0,,0.0,0.0
2024-25-Northeastern,2024-25,Northeastern,CAA,,,2,0,,0.0,0.0
2024-25-KennesawSt.,2024-25,Kennesaw St.,CUSA,,,2,0,,0.0,0.0
2024-25-UCLA,2024-25,UCLA,Big Ten,AL,25.0,4,1,-28.861012141632813,30.0,30.0
2024-25-Canisius,2024-25,Canisius,MAAC,,,5,0,,0.0,0.0
2024-25-UCRiverside,2024-25,UC Riverside,Big West,,,5,0,,0.0,0.0
2024-25-Colgate,2024-25,Colgate,Patriot,,,5,0,,0.0,0.0
2024-25-FDU,2024-25,FDU,NEC,,,5,0,,0.0,0.0
2024-25-Tennessee,2024-25,Tennessee,SEC,AL,5.0,5,1,-6.477004960572415,5.0,5.0
2024-25-Evansville,2024-25,Evansville,MVC,,,3,0,,0.0,0.0
2024-25-LongBeachSt.,2024-25,Long Beach St.,Big West,,,5,0,,0.0,0.0
2024-25-SaintLouis,2024-25,Saint Louis,Atlantic 10,,,1,0,,0.0,0.0
2024-25-Pepperdine,2024-25,Pepperdine,WCC,,,5,0,,0.0,0.0
2024-25-Stonehill,2024-25,Stonehill,NEC,,,4,0,,0.0,0.0
2024-25-LaSalle,2024-25,La Salle,Atlantic 10,,,4,0,,0.0,0.0
2024-25-CaliforniaBaptist,2024-25,California Baptist,WAC,,,1,0,,0.0,0.0
2024-25-Troy,2024-25,Troy,Sun Belt,AQ,56.0,5,1,-58.498176397327114,56.0,56.0
2024-25-SIUE,2024-25,SIUE,OVC,AQ,64.0,2,1,-66.19744123709962,64.0,64.0
2024-25-UCIrvine,2024-25,UC Irvine,Big West,,,4,0,,0.0,0.0
2024-25-Vanderbilt,2024-25,Vanderbilt,SEC,AL,39.0,2,1,-39.29235056364787,43.0,43.0
2024-25-Georgia,2024-25,Georgia,SEC,AL,34.0,3,1,-30.073389749915858,33.0,33.0
2024-25-EasternMich.,2024-25,Eastern Mich.,MAC,,,3,0,,0.0,0.0
2024-25-UTSA,2024-25,UTSA,The American,,,1,0,,0.0,0.0
2024-25-SanDiego,2024-25,San Diego,WCC,,,5,0,,0.0,0.0
2024-25-OleMiss,2024-25,Ole Miss,SEC,AL,24.0,3,1,-22.556327458495517,28.0,28.0
2024-25-SaintPeter's,2024-25,Saint Peter's,MAAC,,,1,0,,0.0,0.0
